CustomerID, FirstName, LastName, Email, Phone, City, Country
1, Patrick, Turner, Patrick.Turner@8855.com, +1 917-555-8056, Boston, Botswana
2, Jerry, Torres, Jerry.Torres@7999.com, +1 392-555-8406, Tulsa, Botswana
3, Raymond, Hernandez, Raymond.Hernandez@8345.com, +1 686-555-2723, Fort Worth, Andorra
4, Brian, Thompson, Brian.Thompson@7490.com, +1 557-555-5302, Jacksonville, Bhutan
5, Frank, Jones, Frank.Jones@6255.com, +1 413-555-4989, Los Angeles, Andorra
6, Daniel, Ramirez, Daniel.Ramirez@7167.com, +1 335-555-2337, Arlington, Czechia (Czech Republic)
7, Justin, Wright, Justin.Wright@6325.com, +1 768-555-6736, Portland, Chile
8, Timothy, Thompson, Timothy.Thompson@7564.com, +1 843-555-2244, Tucson, Belgium
9, David, Ramirez, David.Ramirez@2849.com, +1 110-555-6376, Oakland, Cabo Verde
10, Matthew, White, Matthew.White@2397.com, +1 708-555-6061, Arlington, Afghanistan
11, Jason, Turner, Jason.Turner@2218.com, +1 811-555-9588, Tulsa, Comoros
12, Ryan, Rodriguez, Ryan.Rodriguez@8596.com, +1 927-555-9998, Kansas City, Democratic Republic of the Congo
13, Brian, Phillips, Brian.Phillips@3164.com, +1 994-555-6951, Indianapolis, Central African Republic
14, James, Adams, James.Adams@7168.com, +1 273-555-9424, Virginia Beach, Cuba
15, Jason, Perez, Jason.Perez@9702.com, +1 885-555-9922, Tampa, Armenia
16, Frank, Thompson, Frank.Thompson@7227.com, +1 337-555-5282, Boston, Brazil
17, Kevin, Hall, Kevin.Hall@9789.com, +1 189-555-8849, Tucson, Denmark
18, Raymond, Phillips, Raymond.Phillips@9009.com, +1 490-555-7623, Portland, Bosnia and Herzegovina
19, Jonathan, Hernandez, Jonathan.Hernandez@2440.com, +1 218-555-8684, Austin, Burkina Faso
20, Jason, Williams, Jason.Williams@5139.com, +1 784-555-4472, Oakland, Croatia
21, Ryan, Anderson, Ryan.Anderson@9642.com, +1 124-555-9407, Chicago, Brunei
22, Stephen, Brown, Stephen.Brown@5281.com, +1 967-555-9191, Las Vegas, Bahrain
23, Charles, Rodriguez, Charles.Rodriguez@1286.com, +1 379-555-7962, Austin, Argentina
24, Scott, Perez, Scott.Perez@3255.com, +1 332-555-3599, Seattle, Belarus
25, Charles, Mitchell, Charles.Mitchell@8298.com, +1 904-555-5577, Jacksonville, Bulgaria
26, Matthew, Adams, Matthew.Adams@2936.com, +1 764-555-1131, San Jose, Côte d'Ivoire
27, Thomas, Moore, Thomas.Moore@7693.com, +1 146-555-7220, Miami, Croatia
28, Justin, Hernandez, Justin.Hernandez@3185.com, +1 574-555-5677, Dallas, Denmark
29, Kenneth, Hill, Kenneth.Hill@7566.com, +1 151-555-8656, Tampa, Cambodia
30, James, Robinson, James.Robinson@6177.com, +1 657-555-5217, Omaha, Brunei
31, Edward, Walker, Edward.Walker@3305.com, +1 373-555-5921, Tucson, Central African Republic
32, Andrew, Jackson, Andrew.Jackson@7781.com, +1 678-555-3488, Baltimore, Czechia (Czech Republic)
33, Benjamin, Thomas, Benjamin.Thomas@7001.com, +1 812-555-7106, San Antonio, Belgium
34, Justin, Scott, Justin.Scott@4119.com, +1 788-555-8323, Fresno, Belarus
35, Justin, Adams, Justin.Adams@2108.com, +1 366-555-6759, Albuquerque, Argentina
36, Scott, Carter, Scott.Carter@4720.com, +1 147-555-6758, Indianapolis, Croatia
37, Ronald, Anderson, Ronald.Anderson@7720.com, +1 778-555-4004, Indianapolis, Austria
38, Jacob, Green, Jacob.Green@3011.com, +1 134-555-3959, Arlington, Côte d'Ivoire
39, Ronald, Wright, Ronald.Wright@2378.com, +1 124-555-2314, Arlington, Australia
40, George, Robinson, George.Robinson@1413.com, +1 166-555-3799, Tulsa, Cyprus
41, Daniel, Carter, Daniel.Carter@3059.com, +1 813-555-8208, Las Vegas, Bhutan
42, Gary, Hall, Gary.Hall@2188.com, +1 634-555-6627, San Diego, Canada
43, George, Lee, George.Lee@4497.com, +1 456-555-7767, New York, Antigua and Barbuda
44, Timothy, Nelson, Timothy.Nelson@5174.com, +1 887-555-8962, Wichita, Chile
45, Mark, Davis, Mark.Davis@7446.com, +1 416-555-8987, Portland, Canada
46, Brandon, Turner, Brandon.Turner@9358.com, +1 326-555-4227, Philadelphia, Bhutan
47, Samuel, Nelson, Samuel.Nelson@1093.com, +1 434-555-6049, Atlanta, Democratic Republic of the Congo
48, Kevin, Garcia, Kevin.Garcia@5102.com, +1 596-555-1031, Houston, Bulgaria
49, Kevin, Garcia, Kevin.Garcia@8119.com, +1 578-555-8553, San Diego, Armenia
50, Jerry, Lewis, Jerry.Lewis@3795.com, +1 668-555-8788, Phoenix, Belgium
51, Joseph, White, Joseph.White@6597.com, +1 775-555-3357, Oklahoma City, Cuba
52, Samuel, Mitchell, Samuel.Mitchell@8664.com, +1 389-555-9763, San Jose, Cabo Verde
53, Timothy, Scott, Timothy.Scott@4211.com, +1 420-555-6968, Oakland, Denmark
54, Scott, Brown, Scott.Brown@8332.com, +1 754-555-1617, Long Beach, Croatia
55, Brian, Perez, Brian.Perez@6978.com, +1 251-555-3270, Seattle, Denmark
56, Frank, Martinez, Frank.Martinez@4458.com, +1 372-555-9417, Los Angeles, Croatia
57, Christopher, Hernandez, Christopher.Hernandez@2693.com, +1 637-555-3616, Tucson, Cambodia
58, Jeffrey, Hill, Jeffrey.Hill@8241.com, +1 624-555-5927, Boston, Côte d'Ivoire
59, Joshua, Perez, Joshua.Perez@7838.com, +1 980-555-7939, Wichita, Brunei
60, Gary, Moore, Gary.Moore@3416.com, +1 690-555-6670, Jacksonville, Bahrain
61, George, Thomas, George.Thomas@7051.com, +1 259-555-6189, Oakland, Cabo Verde
62, James, Perez, James.Perez@9594.com, +1 986-555-5578, Detroit, Canada
63, Jerry, Moore, Jerry.Moore@1657.com, +1 658-555-8439, Austin, Angola
64, Larry, Phillips, Larry.Phillips@5376.com, +1 282-555-5532, Miami, Burundi
65, Ronald, Gonzalez, Ronald.Gonzalez@3325.com, +1 680-555-3302, Los Angeles, Afghanistan
66, Frank, Martinez, Frank.Martinez@9583.com, +1 360-555-4102, New Orleans, Austria
67, Brandon, Gonzalez, Brandon.Gonzalez@8028.com, +1 601-555-5195, San Diego, Afghanistan
68, Jack, Nelson, Jack.Nelson@8170.com, +1 692-555-1239, Indianapolis, Dominican Republic
69, Thomas, Adams, Thomas.Adams@7966.com, +1 321-555-3102, Raleigh, Belize
70, James, White, James.White@9687.com, +1 948-555-4273, Fort Worth, Bulgaria
71, Alexander, Sanchez, Alexander.Sanchez@1857.com, +1 212-555-2235, San Francisco, Dominica
72, Gary, Moore, Gary.Moore@8559.com, +1 391-555-1440, Virginia Beach, Argentina
73, Patrick, Jones, Patrick.Jones@5087.com, +1 327-555-6053, Omaha, Australia
74, Matthew, Rodriguez, Matthew.Rodriguez@2899.com, +1 121-555-4622, Long Beach, Brazil
75, Thomas, Davis, Thomas.Davis@4070.com, +1 343-555-7872, Jacksonville, Afghanistan
76, Timothy, King, Timothy.King@4226.com, +1 804-555-9275, Las Vegas, Chad
77, Christopher, Mitchell, Christopher.Mitchell@9161.com, +1 176-555-5111, Jacksonville, Cambodia
78, John, Garcia, John.Garcia@6176.com, +1 106-555-3187, Arlington, Chile
79, Larry, Johnson, Larry.Johnson@5953.com, +1 765-555-3617, Portland, Argentina
80, Donald, Wilson, Donald.Wilson@4622.com, +1 472-555-3980, Mesa, Algeria
81, Joshua, Wright, Joshua.Wright@8647.com, +1 480-555-2161, New York, Central African Republic
82, Justin, Thompson, Justin.Thompson@9033.com, +1 699-555-3477, Wichita, Czechia (Czech Republic)
83, Brian, Hall, Brian.Hall@6578.com, +1 939-555-4581, Memphis, Armenia
84, Larry, Hill, Larry.Hill@6216.com, +1 871-555-5508, El Paso, Australia
85, Andrew, Williams, Andrew.Williams@2548.com, +1 474-555-3445, Phoenix, Azerbaijan
86, Daniel, Clark, Daniel.Clark@5375.com, +1 554-555-6179, Austin, Costa Rica
87, Christopher, King, Christopher.King@8119.com, +1 836-555-9295, San Diego, China
88, Ronald, Thomas, Ronald.Thomas@1055.com, +1 233-555-8671, Denver, Bosnia and Herzegovina
89, Joseph, Walker, Joseph.Walker@9029.com, +1 304-555-9677, Virginia Beach, Belarus
90, Mark, Phillips, Mark.Phillips@2163.com, +1 351-555-7885, Arlington, Chile
91, David, Young, David.Young@9217.com, +1 204-555-3651, Detroit, Bahrain
92, Anthony, Thompson, Anthony.Thompson@7249.com, +1 158-555-4778, Atlanta, Barbados
93, Samuel, Miller, Samuel.Miller@8624.com, +1 760-555-9874, Virginia Beach, Bangladesh
94, Brian, Jackson, Brian.Jackson@9059.com, +1 412-555-7648, Columbus, Cuba
95, George, Campbell, George.Campbell@9881.com, +1 518-555-6875, Tulsa, Central African Republic
96, Joshua, Davis, Joshua.Davis@7263.com, +1 487-555-3294, Charlotte, Czechia (Czech Republic)
97, Michael, White, Michael.White@2942.com, +1 561-555-3172, Oakland, Argentina
98, Samuel, Turner, Samuel.Turner@8639.com, +1 437-555-5009, Wichita, Antigua and Barbuda
99, Kevin, Harris, Kevin.Harris@3470.com, +1 200-555-7783, Fresno, Cyprus
100, Daniel, Allen, Daniel.Allen@2184.com, +1 315-555-2032, Oakland, Bolivia
101, Joseph, Gonzalez, Joseph.Gonzalez@1649.com, +1 491-555-1305, Dallas, Botswana
102, James, Sanchez, James.Sanchez@7577.com, +1 642-555-1231, Arlington, Afghanistan
103, Thomas, Mitchell, Thomas.Mitchell@2318.com, +1 545-555-8217, Dallas, Bosnia and Herzegovina
104, Ryan, Hill, Ryan.Hill@5720.com, +1 797-555-9112, Seattle, Botswana
105, Robert, Martinez, Robert.Martinez@7513.com, +1 950-555-8870, Kansas City, Armenia
106, Frank, Garcia, Frank.Garcia@9374.com, +1 346-555-2614, Virginia Beach, Cabo Verde
107, Samuel, Harris, Samuel.Harris@4287.com, +1 581-555-7996, Seattle, Comoros
108, Mark, Smith, Mark.Smith@3630.com, +1 437-555-7627, Kansas City, Cyprus
109, Donald, Jackson, Donald.Jackson@9934.com, +1 676-555-8771, Fort Worth, Barbados
110, Jason, Carter, Jason.Carter@6860.com, +1 245-555-8859, Seattle, Bolivia
111, Daniel, King, Daniel.King@3522.com, +1 948-555-2336, Tampa, Argentina
112, Samuel, Green, Samuel.Green@5074.com, +1 271-555-7430, Tucson, Democratic Republic of the Congo
113, Joseph, Phillips, Joseph.Phillips@1829.com, +1 177-555-8235, Portland, Colombia
114, Stephen, Gonzalez, Stephen.Gonzalez@8713.com, +1 801-555-8073, Long Beach, Albania
115, Matthew, Jones, Matthew.Jones@8883.com, +1 320-555-7885, Sacramento, Benin
116, Nicholas, Ramirez, Nicholas.Ramirez@4428.com, +1 571-555-6134, Mesa, Barbados
117, Alexander, Hernandez, Alexander.Hernandez@3834.com, +1 965-555-8149, New Orleans, Brunei
118, Jerry, Harris, Jerry.Harris@8421.com, +1 428-555-4840, Oklahoma City, Chad
119, Patrick, Martin, Patrick.Martin@4243.com, +1 178-555-6829, Kansas City, Brunei
120, Jack, Thomas, Jack.Thomas@8319.com, +1 444-555-7861, Colorado Springs, Bhutan
121, Dennis, Thomas, Dennis.Thomas@1643.com, +1 883-555-9696, Tulsa, Bosnia and Herzegovina
122, Richard, Nelson, Richard.Nelson@3736.com, +1 322-555-8612, El Paso, Bosnia and Herzegovina
123, Ryan, Thompson, Ryan.Thompson@1120.com, +1 967-555-8150, San Diego, Dominica
124, Jeffrey, Carter, Jeffrey.Carter@5486.com, +1 497-555-8668, Boston, Cabo Verde
125, Raymond, Sanchez, Raymond.Sanchez@2057.com, +1 732-555-4672, Colorado Springs, Cyprus
126, James, Clark, James.Clark@5277.com, +1 736-555-1647, Tulsa, Burundi
127, Gary, Wright, Gary.Wright@3530.com, +1 735-555-6795, Baltimore, Cabo Verde
128, Steven, Young, Steven.Young@2361.com, +1 230-555-5710, Louisville, Belarus
129, James, Hill, James.Hill@9825.com, +1 815-555-5307, Memphis, Albania
130, Christopher, White, Christopher.White@9698.com, +1 674-555-6079, Milwaukee, Bahrain
131, Timothy, Scott, Timothy.Scott@2398.com, +1 801-555-4667, Virginia Beach, Congo (Congo-Brazzaville)
132, Joshua, Young, Joshua.Young@8246.com, +1 566-555-8986, Tampa, Congo (Congo-Brazzaville)
133, Robert, Evans, Robert.Evans@2182.com, +1 959-555-4280, Philadelphia, Angola
134, Daniel, Lee, Daniel.Lee@7149.com, +1 956-555-2051, New Orleans, Bahrain
135, Joseph, Allen, Joseph.Allen@9564.com, +1 913-555-6384, Long Beach, Denmark
136, Andrew, Smith, Andrew.Smith@9580.com, +1 276-555-4492, New Orleans, Central African Republic
137, Ronald, Harris, Ronald.Harris@3211.com, +1 316-555-8374, Seattle, Cambodia
138, Jeffrey, Brown, Jeffrey.Brown@1195.com, +1 237-555-5779, Fresno, Belize
139, Christopher, Green, Christopher.Green@1826.com, +1 107-555-7178, Miami, Argentina
140, George, Lewis, George.Lewis@1124.com, +1 558-555-8884, Louisville, Belize
141, Ryan, Turner, Ryan.Turner@3932.com, +1 437-555-2169, Fresno, Argentina
142, Jerry, Allen, Jerry.Allen@3493.com, +1 577-555-2130, San Antonio, Croatia
143, Anthony, Young, Anthony.Young@9859.com, +1 676-555-3607, San Diego, Croatia
144, Raymond, Nelson, Raymond.Nelson@6953.com, +1 426-555-7276, New Orleans, Afghanistan
145, Matthew, Williams, Matthew.Williams@9082.com, +1 186-555-1955, Indianapolis, Bulgaria
146, Jeffrey, Adams, Jeffrey.Adams@5935.com, +1 441-555-7838, Atlanta, Belarus
147, Joseph, Evans, Joseph.Evans@7665.com, +1 380-555-2734, Omaha, Benin
148, Paul, Martinez, Paul.Martinez@1990.com, +1 997-555-9456, Los Angeles, Democratic Republic of the Congo
149, Daniel, King, Daniel.King@8398.com, +1 305-555-5296, Sacramento, Cameroon
150, James, Hall, James.Hall@4351.com, +1 798-555-2781, Mesa, Chile
151, Kevin, Harris, Kevin.Harris@1262.com, +1 652-555-3996, Columbus, Antigua and Barbuda
152, Stephen, Campbell, Stephen.Campbell@4565.com, +1 841-555-2617, Wichita, Bhutan
153, Christopher, Green, Christopher.Green@7516.com, +1 207-555-1072, Milwaukee, Central African Republic
154, Charles, Lopez, Charles.Lopez@5550.com, +1 232-555-2143, Detroit, Central African Republic
155, David, Roberts, David.Roberts@6533.com, +1 247-555-4960, Tulsa, Belize
156, Thomas, Martin, Thomas.Martin@7758.com, +1 566-555-5256, Charlotte, Cabo Verde
157, Joshua, Taylor, Joshua.Taylor@3421.com, +1 678-555-6443, Albuquerque, Bhutan
158, Scott, Moore, Scott.Moore@1146.com, +1 525-555-9208, San Jose, Belgium
159, Charles, Campbell, Charles.Campbell@4991.com, +1 750-555-4597, Sacramento, Burkina Faso
160, Daniel, Harris, Daniel.Harris@9251.com, +1 489-555-6978, Fort Worth, Cameroon
161, Benjamin, Perez, Benjamin.Perez@8501.com, +1 204-555-5097, New Orleans, Bulgaria
162, Justin, Carter, Justin.Carter@3083.com, +1 882-555-4866, Long Beach, Dominican Republic
163, Brian, Scott, Brian.Scott@7078.com, +1 201-555-5522, Fresno, Côte d'Ivoire
164, Joseph, Turner, Joseph.Turner@4445.com, +1 816-555-6372, New Orleans, Angola
165, Jonathan, Torres, Jonathan.Torres@7067.com, +1 673-555-5221, Tucson, Bolivia
166, Edward, Robinson, Edward.Robinson@7786.com, +1 533-555-6166, Baltimore, Costa Rica
167, Dennis, Hill, Dennis.Hill@3639.com, +1 188-555-7882, Arlington, Belize
168, Scott, Ramirez, Scott.Ramirez@8755.com, +1 568-555-2919, Sacramento, Cambodia
169, Joshua, Rodriguez, Joshua.Rodriguez@3280.com, +1 880-555-7011, Los Angeles, Albania
170, Eric, Perez, Eric.Perez@4754.com, +1 797-555-9836, Arlington, Argentina
171, Gary, Wilson, Gary.Wilson@3500.com, +1 450-555-9161, Milwaukee, Dominican Republic
172, Scott, Moore, Scott.Moore@7244.com, +1 986-555-8445, Austin, Czechia (Czech Republic)
173, Ryan, Anderson, Ryan.Anderson@4639.com, +1 371-555-5014, Colorado Springs, Democratic Republic of the Congo
174, Richard, Hernandez, Richard.Hernandez@7983.com, +1 386-555-8008, Long Beach, Brunei
175, George, Taylor, George.Taylor@2804.com, +1 948-555-2715, Virginia Beach, Democratic Republic of the Congo
176, Jonathan, Jackson, Jonathan.Jackson@6120.com, +1 978-555-9483, Denver, Benin
177, Stephen, Jones, Stephen.Jones@4713.com, +1 362-555-8692, Kansas City, Bosnia and Herzegovina
178, Scott, Lopez, Scott.Lopez@8212.com, +1 343-555-7426, Fresno, Chad
179, David, Miller, David.Miller@7821.com, +1 765-555-6868, Tucson, Cuba
180, James, Robinson, James.Robinson@6888.com, +1 165-555-9813, Los Angeles, Albania
181, Joshua, Lopez, Joshua.Lopez@2635.com, +1 663-555-1404, Jacksonville, Bosnia and Herzegovina
182, Timothy, Robinson, Timothy.Robinson@3904.com, +1 811-555-5075, Omaha, Côte d'Ivoire
183, Brandon, Hill, Brandon.Hill@1856.com, +1 430-555-9063, Tampa, Cyprus
184, Ryan, Roberts, Ryan.Roberts@3145.com, +1 743-555-9298, Mesa, Bosnia and Herzegovina
185, Richard, Davis, Richard.Davis@9769.com, +1 935-555-8381, New York, Belgium
186, John, Moore, John.Moore@3910.com, +1 598-555-6359, New York, Colombia
187, Anthony, Carter, Anthony.Carter@8534.com, +1 441-555-3398, Las Vegas, Cameroon
188, George, Gonzalez, George.Gonzalez@8042.com, +1 539-555-9475, Seattle, Austria
189, Anthony, Moore, Anthony.Moore@7291.com, +1 411-555-2886, Indianapolis, Algeria
190, Timothy, Harris, Timothy.Harris@9022.com, +1 592-555-6449, Miami, Bosnia and Herzegovina
191, Steven, Nelson, Steven.Nelson@5493.com, +1 351-555-7147, Fort Worth, Armenia
192, Dennis, Anderson, Dennis.Anderson@9857.com, +1 271-555-1674, Atlanta, Australia
193, Thomas, Wilson, Thomas.Wilson@2996.com, +1 454-555-7503, Baltimore, Austria
194, Charles, Wright, Charles.Wright@6176.com, +1 549-555-2610, Seattle, Cuba
195, Dennis, King, Dennis.King@1598.com, +1 205-555-1090, Oklahoma City, Democratic Republic of the Congo
196, Scott, Robinson, Scott.Robinson@4697.com, +1 145-555-4285, New York, Bahrain
197, Joshua, Rodriguez, Joshua.Rodriguez@3360.com, +1 896-555-4518, Denver, Canada
198, David, Taylor, David.Taylor@3775.com, +1 250-555-8150, Seattle, Angola
199, Mark, Hernandez, Mark.Hernandez@4305.com, +1 688-555-2594, Tulsa, Azerbaijan
200, Scott, Thompson, Scott.Thompson@6028.com, +1 314-555-8206, San Francisco, Afghanistan
201, Edward, Rodriguez, Edward.Rodriguez@2265.com, +1 820-555-1794, Tampa, Andorra
202, Daniel, Moore, Daniel.Moore@7243.com, +1 814-555-4797, Austin, Andorra
203, Thomas, Nelson, Thomas.Nelson@2738.com, +1 987-555-1409, Tulsa, Croatia
204, Justin, Walker, Justin.Walker@8301.com, +1 685-555-7441, Wichita, Belize
205, Brian, Hernandez, Brian.Hernandez@7794.com, +1 612-555-6046, Milwaukee, Armenia
206, Mark, Brown, Mark.Brown@8318.com, +1 437-555-2372, Wichita, Cyprus
207, Jonathan, White, Jonathan.White@7517.com, +1 486-555-9072, Louisville, Antigua and Barbuda
208, Ronald, Anderson, Ronald.Anderson@5222.com, +1 247-555-9346, Denver, Antigua and Barbuda
209, Timothy, Clark, Timothy.Clark@5892.com, +1 320-555-7711, Austin, Belgium
210, Gregory, Clark, Gregory.Clark@6381.com, +1 833-555-8393, Long Beach, Bosnia and Herzegovina
211, Jeffrey, Nelson, Jeffrey.Nelson@1246.com, +1 755-555-2469, Fresno, Cambodia
212, Patrick, Jackson, Patrick.Jackson@7804.com, +1 688-555-1020, Tucson, Barbados
213, Kevin, Roberts, Kevin.Roberts@8163.com, +1 769-555-9138, Raleigh, Cameroon
214, Stephen, Walker, Stephen.Walker@9450.com, +1 462-555-1746, New Orleans, Botswana
215, Patrick, Baker, Patrick.Baker@9855.com, +1 629-555-9598, Dallas, Chile
216, David, Green, David.Green@4388.com, +1 131-555-9795, Philadelphia, Bulgaria
217, John, Martinez, John.Martinez@7958.com, +1 342-555-6594, Long Beach, Czechia (Czech Republic)
218, Joshua, Lopez, Joshua.Lopez@1890.com, +1 612-555-6993, Tucson, Croatia
219, Kevin, Martin, Kevin.Martin@2199.com, +1 273-555-5050, Mesa, Belize
220, Stephen, Scott, Stephen.Scott@3725.com, +1 820-555-6369, New Orleans, Cabo Verde
221, David, Carter, David.Carter@8461.com, +1 214-555-6082, Houston, Barbados
222, Mark, Turner, Mark.Turner@2273.com, +1 324-555-4398, Raleigh, Antigua and Barbuda
223, Larry, Davis, Larry.Davis@9877.com, +1 170-555-5440, Arlington, Cambodia
224, Donald, Ramirez, Donald.Ramirez@2369.com, +1 478-555-4819, Albuquerque, Andorra
225, David, Scott, David.Scott@7778.com, +1 805-555-5791, San Antonio, Côte d'Ivoire
226, George, Roberts, George.Roberts@2199.com, +1 819-555-1536, Long Beach, Costa Rica
227, Jonathan, Sanchez, Jonathan.Sanchez@4411.com, +1 519-555-5458, Las Vegas, Canada
228, Steven, Johnson, Steven.Johnson@6659.com, +1 552-555-4918, Nashville, Albania
229, Nicholas, Thompson, Nicholas.Thompson@4908.com, +1 158-555-4114, Charlotte, Angola
230, Frank, Harris, Frank.Harris@3830.com, +1 399-555-5786, Omaha, Burundi
231, Nicholas, Baker, Nicholas.Baker@4009.com, +1 559-555-4875, Colorado Springs, Belarus
232, Joseph, Moore, Joseph.Moore@9518.com, +1 185-555-2955, San Antonio, Congo (Congo-Brazzaville)
233, Daniel, Rodriguez, Daniel.Rodriguez@7745.com, +1 666-555-1798, Baltimore, Bahrain
234, Jack, Smith, Jack.Smith@8690.com, +1 539-555-5251, Portland, Czechia (Czech Republic)
235, Kevin, Wright, Kevin.Wright@8494.com, +1 480-555-6155, San Francisco, Andorra
236, Brian, Thompson, Brian.Thompson@7235.com, +1 674-555-6813, Milwaukee, China
237, Stephen, Hernandez, Stephen.Hernandez@9061.com, +1 572-555-4939, Colorado Springs, Cambodia
238, Mark, Young, Mark.Young@9124.com, +1 531-555-4669, Tampa, Andorra
239, Ryan, Martinez, Ryan.Martinez@8833.com, +1 723-555-7404, San Antonio, Bolivia
240, Mark, Lewis, Mark.Lewis@6865.com, +1 675-555-1460, Milwaukee, Benin
241, Kevin, Lopez, Kevin.Lopez@1290.com, +1 791-555-2905, Sacramento, Belize
242, Paul, White, Paul.White@9800.com, +1 937-555-6093, Tulsa, Cabo Verde
243, Edward, Perez, Edward.Perez@2357.com, +1 276-555-4831, San Jose, Australia
244, Scott, Robinson, Scott.Robinson@2472.com, +1 510-555-7475, Kansas City, Angola
245, Scott, Roberts, Scott.Roberts@2485.com, +1 436-555-6462, Colorado Springs, Benin
246, Richard, Jones, Richard.Jones@9535.com, +1 822-555-9037, Dallas, Bolivia
247, Donald, Walker, Donald.Walker@3467.com, +1 333-555-6975, Louisville, Belize
248, William, Hall, William.Hall@6746.com, +1 756-555-6892, Arlington, Brazil
249, Daniel, Johnson, Daniel.Johnson@9833.com, +1 639-555-7335, San Antonio, Burkina Faso
250, Donald, Martin, Donald.Martin@7360.com, +1 337-555-8104, Mesa, Burundi
251, Frank, Mitchell, Frank.Mitchell@5595.com, +1 961-555-2157, San Diego, Czechia (Czech Republic)
252, Patrick, Johnson, Patrick.Johnson@4740.com, +1 914-555-7316, Las Vegas, Andorra
253, Frank, Mitchell, Frank.Mitchell@2351.com, +1 506-555-7678, Virginia Beach, Costa Rica
254, Justin, Thompson, Justin.Thompson@4792.com, +1 207-555-8961, Nashville, Dominica
255, Justin, Garcia, Justin.Garcia@8688.com, +1 470-555-9255, Nashville, Cambodia
256, Jack, Robinson, Jack.Robinson@3371.com, +1 612-555-8903, Denver, Canada
257, Jacob, Miller, Jacob.Miller@1398.com, +1 476-555-1366, New York, Afghanistan
258, Stephen, Ramirez, Stephen.Ramirez@9371.com, +1 817-555-3726, Minneapolis, Australia
259, Frank, Hall, Frank.Hall@9332.com, +1 217-555-8228, San Diego, Costa Rica
260, Kevin, Moore, Kevin.Moore@8508.com, +1 780-555-2265, Los Angeles, Antigua and Barbuda
261, Larry, Nelson, Larry.Nelson@4452.com, +1 542-555-4199, San Diego, Bangladesh
262, Anthony, Perez, Anthony.Perez@2370.com, +1 690-555-8641, Miami, Chad
263, Edward, Garcia, Edward.Garcia@3259.com, +1 252-555-3777, Minneapolis, Bosnia and Herzegovina
264, Benjamin, Thompson, Benjamin.Thompson@6195.com, +1 347-555-9230, Raleigh, Czechia (Czech Republic)
265, Edward, Young, Edward.Young@1146.com, +1 640-555-7717, Charlotte, Algeria
266, Stephen, Roberts, Stephen.Roberts@6915.com, +1 534-555-4715, New York, Algeria
267, Mark, Thomas, Mark.Thomas@1252.com, +1 537-555-4909, Albuquerque, Armenia
268, Matthew, Green, Matthew.Green@3775.com, +1 854-555-7091, Dallas, Belgium
269, Jerry, Miller, Jerry.Miller@5561.com, +1 396-555-8007, Tulsa, Canada
270, Dennis, Green, Dennis.Green@7043.com, +1 706-555-9746, Portland, Brazil
271, Brian, Perez, Brian.Perez@9701.com, +1 384-555-6644, Wichita, Bahrain
272, Larry, Williams, Larry.Williams@2349.com, +1 739-555-3759, Arlington, Cyprus
273, Brandon, Torres, Brandon.Torres@3914.com, +1 946-555-5656, Fort Worth, Botswana
274, Joshua, Hill, Joshua.Hill@3496.com, +1 238-555-4802, San Francisco, Dominican Republic
275, Frank, Nelson, Frank.Nelson@7942.com, +1 369-555-4904, Phoenix, Burundi
276, Larry, Wilson, Larry.Wilson@4394.com, +1 720-555-2054, Mesa, Antigua and Barbuda
277, David, Robinson, David.Robinson@9135.com, +1 781-555-4104, Detroit, Bahrain
278, Kenneth, Baker, Kenneth.Baker@5356.com, +1 679-555-9251, San Antonio, Burundi
279, Thomas, Young, Thomas.Young@4998.com, +1 955-555-8182, Raleigh, Brunei
280, Ronald, Davis, Ronald.Davis@2372.com, +1 163-555-8689, San Jose, Angola
281, Kevin, Torres, Kevin.Torres@3681.com, +1 255-555-5350, Indianapolis, Bhutan
282, Daniel, Phillips, Daniel.Phillips@5186.com, +1 558-555-4985, San Francisco, Azerbaijan
283, Kenneth, Clark, Kenneth.Clark@7581.com, +1 958-555-1560, Columbus, Andorra
284, Robert, Ramirez, Robert.Ramirez@7350.com, +1 442-555-3928, Tulsa, Chad
285, Justin, Young, Justin.Young@6883.com, +1 915-555-4449, San Diego, Cambodia
286, Michael, Adams, Michael.Adams@8101.com, +1 888-555-8452, Arlington, Dominica
287, John, Brown, John.Brown@6245.com, +1 442-555-6898, Philadelphia, Democratic Republic of the Congo
288, Richard, Perez, Richard.Perez@4252.com, +1 754-555-9856, Wichita, Denmark
289, George, Taylor, George.Taylor@7758.com, +1 765-555-6259, Oklahoma City, Denmark
290, David, Miller, David.Miller@4643.com, +1 536-555-2604, Wichita, Belgium
291, Timothy, Carter, Timothy.Carter@2730.com, +1 303-555-6869, Mesa, Algeria
292, William, Evans, William.Evans@7136.com, +1 879-555-3076, Long Beach, Djibouti
293, Eric, Brown, Eric.Brown@8648.com, +1 220-555-5871, Kansas City, Burundi
294, Dennis, Carter, Dennis.Carter@3529.com, +1 383-555-7465, Austin, Dominican Republic
295, Daniel, Martin, Daniel.Martin@6907.com, +1 289-555-3707, Tulsa, Belize
296, David, Baker, David.Baker@8231.com, +1 707-555-6267, Atlanta, Chad
297, Kenneth, Hernandez, Kenneth.Hernandez@3881.com, +1 392-555-1209, Tucson, Bosnia and Herzegovina
298, John, Nelson, John.Nelson@1018.com, +1 233-555-3349, Los Angeles, Bangladesh
299, Kevin, Anderson, Kevin.Anderson@8311.com, +1 510-555-4579, Louisville, Belgium
300, Jack, Allen, Jack.Allen@1997.com, +1 381-555-8491, Sacramento, Dominica
301, John, Lee, John.Lee@6139.com, +1 420-555-5746, Denver, Andorra
302, Jacob, Martin, Jacob.Martin@4841.com, +1 768-555-8020, Tucson, Andorra
303, Edward, Lee, Edward.Lee@2266.com, +1 790-555-3195, Denver, Chile
304, Charles, Wilson, Charles.Wilson@2151.com, +1 527-555-6543, Oklahoma City, Burundi
305, Gregory, Hall, Gregory.Hall@4781.com, +1 421-555-8910, Tulsa, Burkina Faso
306, Mark, Torres, Mark.Torres@7840.com, +1 563-555-6298, Tampa, Antigua and Barbuda
307, Brian, Taylor, Brian.Taylor@1280.com, +1 725-555-8157, Albuquerque, Antigua and Barbuda
308, Raymond, Walker, Raymond.Walker@2296.com, +1 315-555-8850, Seattle, Australia
309, Benjamin, Scott, Benjamin.Scott@9603.com, +1 167-555-4262, Oakland, Bahrain
310, Joseph, Lee, Joseph.Lee@9859.com, +1 629-555-5768, New Orleans, Australia
311, Alexander, Hall, Alexander.Hall@4722.com, +1 499-555-1265, Wichita, Dominica
312, Nicholas, Adams, Nicholas.Adams@7315.com, +1 810-555-3821, Sacramento, Botswana
313, Gregory, White, Gregory.White@1375.com, +1 214-555-2085, Kansas City, Cuba
314, Nicholas, Sanchez, Nicholas.Sanchez@1746.com, +1 840-555-6890, Boston, Belgium
315, James, Rodriguez, James.Rodriguez@6816.com, +1 254-555-1130, Detroit, Cyprus
316, Jason, Rodriguez, Jason.Rodriguez@8041.com, +1 321-555-1331, Omaha, Democratic Republic of the Congo
317, Nicholas, Allen, Nicholas.Allen@2320.com, +1 166-555-9852, El Paso, Barbados
318, Joshua, Rodriguez, Joshua.Rodriguez@4288.com, +1 322-555-9500, Fort Worth, Chad
319, Nicholas, Anderson, Nicholas.Anderson@8492.com, +1 254-555-3880, New York, Cambodia
320, Scott, Smith, Scott.Smith@8549.com, +1 742-555-2594, New Orleans, Chad
321, Steven, Harris, Steven.Harris@9768.com, +1 893-555-8775, Minneapolis, Burkina Faso
322, Paul, Hernandez, Paul.Hernandez@8376.com, +1 226-555-6016, Miami, Djibouti
323, Stephen, Lopez, Stephen.Lopez@7446.com, +1 106-555-5060, Tucson, Cameroon
324, Charles, Martinez, Charles.Martinez@9867.com, +1 774-555-5411, Tampa, Cyprus
325, Raymond, Hill, Raymond.Hill@7806.com, +1 655-555-7060, Detroit, China
326, Andrew, Smith, Andrew.Smith@3250.com, +1 114-555-2825, San Antonio, Benin
327, Frank, Carter, Frank.Carter@1394.com, +1 279-555-5150, Colorado Springs, Burkina Faso
328, Kevin, Smith, Kevin.Smith@5471.com, +1 449-555-8642, San Jose, Cyprus
329, Christopher, Campbell, Christopher.Campbell@4510.com, +1 314-555-8509, Colorado Springs, Bahamas
330, Ryan, Brown, Ryan.Brown@9960.com, +1 644-555-2705, Tucson, Côte d'Ivoire
331, Charles, Hill, Charles.Hill@7450.com, +1 194-555-3201, Charlotte, Costa Rica
332, Justin, Scott, Justin.Scott@1273.com, +1 332-555-3957, Fort Worth, Belarus
333, George, King, George.King@2614.com, +1 778-555-6184, Virginia Beach, Colombia
334, Patrick, Garcia, Patrick.Garcia@1822.com, +1 572-555-2689, Denver, Bolivia
335, Joshua, Hernandez, Joshua.Hernandez@2175.com, +1 268-555-7923, San Jose, Cameroon
336, Patrick, Gonzalez, Patrick.Gonzalez@4829.com, +1 216-555-9738, Tulsa, Djibouti
337, Joseph, Garcia, Joseph.Garcia@6103.com, +1 124-555-9425, Sacramento, Dominican Republic
338, Brandon, Wright, Brandon.Wright@2209.com, +1 635-555-1773, Boston, Bolivia
339, Jonathan, Wilson, Jonathan.Wilson@9371.com, +1 128-555-1351, Colorado Springs, Benin
340, David, Smith, David.Smith@9579.com, +1 843-555-2543, Memphis, Armenia
341, Andrew, Young, Andrew.Young@6926.com, +1 370-555-7093, Columbus, Benin
342, Benjamin, Wright, Benjamin.Wright@8720.com, +1 138-555-3500, Minneapolis, Cuba
343, Jeffrey, Williams, Jeffrey.Williams@4768.com, +1 897-555-5804, Fresno, Cyprus
344, George, Wright, George.Wright@6548.com, +1 600-555-2573, Jacksonville, Bosnia and Herzegovina
345, Joseph, Johnson, Joseph.Johnson@2339.com, +1 315-555-7376, Denver, Burundi
346, Samuel, Clark, Samuel.Clark@6035.com, +1 545-555-1086, Memphis, Botswana
347, Stephen, Sanchez, Stephen.Sanchez@6854.com, +1 750-555-9882, Mesa, Bolivia
348, Andrew, Green, Andrew.Green@8218.com, +1 515-555-5284, Las Vegas, Argentina
349, Mark, Sanchez, Mark.Sanchez@6605.com, +1 484-555-3465, Omaha, Bangladesh
350, George, Brown, George.Brown@9707.com, +1 155-555-8267, Baltimore, Belgium
351, Thomas, Lee, Thomas.Lee@1102.com, +1 880-555-7688, El Paso, Chad
352, Justin, Johnson, Justin.Johnson@6428.com, +1 478-555-3062, Nashville, Denmark
353, Eric, Thompson, Eric.Thompson@6206.com, +1 332-555-5583, Los Angeles, Colombia
354, Ryan, Brown, Ryan.Brown@5718.com, +1 253-555-5081, Dallas, Benin
355, Larry, Turner, Larry.Turner@7808.com, +1 703-555-3083, Phoenix, Algeria
356, Frank, Martinez, Frank.Martinez@9793.com, +1 252-555-4588, Phoenix, Cyprus
357, David, Allen, David.Allen@4730.com, +1 134-555-1257, Denver, Dominican Republic
358, Brian, Nelson, Brian.Nelson@8825.com, +1 842-555-9736, Wichita, Canada
359, Gregory, Hernandez, Gregory.Hernandez@9866.com, +1 339-555-3743, Seattle, Côte d'Ivoire
360, Paul, Moore, Paul.Moore@4488.com, +1 345-555-5507, Los Angeles, Burundi
361, Kevin, Robinson, Kevin.Robinson@7299.com, +1 117-555-3400, Wichita, Brazil
362, Jason, Torres, Jason.Torres@1111.com, +1 739-555-4381, San Antonio, Colombia
363, Jonathan, Green, Jonathan.Green@4136.com, +1 519-555-6216, Portland, Belarus
364, Anthony, Carter, Anthony.Carter@2970.com, +1 545-555-3231, Arlington, Bulgaria
365, Benjamin, Turner, Benjamin.Turner@9935.com, +1 248-555-9558, Houston, Croatia
366, Kevin, Thompson, Kevin.Thompson@8843.com, +1 522-555-2279, Omaha, Australia
367, Gary, Thomas, Gary.Thomas@2110.com, +1 140-555-9093, Nashville, Bolivia
368, Dennis, White, Dennis.White@5114.com, +1 690-555-6377, San Francisco, Albania
369, Jack, Baker, Jack.Baker@9778.com, +1 688-555-1450, Austin, Denmark
370, Stephen, Johnson, Stephen.Johnson@2819.com, +1 728-555-9380, Mesa, Cyprus
371, Jacob, Robinson, Jacob.Robinson@7566.com, +1 301-555-5005, El Paso, Armenia
372, Benjamin, Robinson, Benjamin.Robinson@2007.com, +1 506-555-9057, Miami, Bahamas
373, Daniel, Walker, Daniel.Walker@3011.com, +1 244-555-8562, Las Vegas, Barbados
374, James, Hill, James.Hill@9396.com, +1 107-555-6427, Columbus, Burkina Faso
375, Anthony, Torres, Anthony.Torres@8828.com, +1 751-555-8356, Las Vegas, Bosnia and Herzegovina
376, Robert, Roberts, Robert.Roberts@9296.com, +1 639-555-4590, Omaha, Cuba
377, Alexander, Anderson, Alexander.Anderson@5445.com, +1 974-555-3744, Portland, Andorra
378, Jeffrey, Williams, Jeffrey.Williams@9819.com, +1 337-555-5002, Tulsa, Chad
379, Charles, Jones, Charles.Jones@9214.com, +1 927-555-3762, Denver, Australia
380, Jonathan, White, Jonathan.White@5504.com, +1 461-555-8018, Baltimore, Cabo Verde
381, Edward, Adams, Edward.Adams@8792.com, +1 245-555-6700, Fort Worth, Chile
382, Andrew, Wright, Andrew.Wright@7740.com, +1 794-555-3399, Dallas, Albania
383, Timothy, Scott, Timothy.Scott@3164.com, +1 769-555-1130, Albuquerque, Cambodia
384, Gregory, Hill, Gregory.Hill@2246.com, +1 203-555-9850, Colorado Springs, Burkina Faso
385, Richard, Carter, Richard.Carter@6807.com, +1 592-555-9638, Dallas, Argentina
386, Thomas, Miller, Thomas.Miller@4461.com, +1 211-555-4592, Atlanta, Croatia
387, Thomas, Clark, Thomas.Clark@1158.com, +1 899-555-7491, Tucson, Australia
388, Jeffrey, Sanchez, Jeffrey.Sanchez@9534.com, +1 291-555-9230, Milwaukee, Andorra
389, Dennis, Moore, Dennis.Moore@6859.com, +1 766-555-5476, Arlington, Argentina
390, Dennis, Hall, Dennis.Hall@6860.com, +1 377-555-4433, Detroit, Belgium
391, Raymond, Mitchell, Raymond.Mitchell@4963.com, +1 840-555-3814, Los Angeles, Central African Republic
392, Richard, Wright, Richard.Wright@3768.com, +1 646-555-8110, San Diego, Chad
393, Joshua, Mitchell, Joshua.Mitchell@9975.com, +1 777-555-4579, Omaha, Burkina Faso
394, Matthew, Lewis, Matthew.Lewis@5775.com, +1 497-555-4459, Tucson, Bhutan
395, Frank, Turner, Frank.Turner@8625.com, +1 325-555-2096, Seattle, Botswana
396, Patrick, Martinez, Patrick.Martinez@3323.com, +1 393-555-7439, Chicago, Congo (Congo-Brazzaville)
397, Larry, Evans, Larry.Evans@6191.com, +1 224-555-4059, San Jose, Argentina
398, Richard, Turner, Richard.Turner@1032.com, +1 451-555-3321, Denver, Burundi
399, Raymond, Thomas, Raymond.Thomas@6385.com, +1 149-555-5471, Long Beach, Australia
400, Timothy, Sanchez, Timothy.Sanchez@8512.com, +1 656-555-4290, Fort Worth, China
401, George, Hernandez, George.Hernandez@9046.com, +1 630-555-8437, New Orleans, Comoros
402, Edward, Gonzalez, Edward.Gonzalez@6311.com, +1 725-555-4633, Seattle, Cambodia
403, Mark, Brown, Mark.Brown@1061.com, +1 921-555-3279, Baltimore, Bosnia and Herzegovina
404, Richard, Sanchez, Richard.Sanchez@5344.com, +1 344-555-4214, Omaha, Bulgaria
405, Jeffrey, Jones, Jeffrey.Jones@4336.com, +1 970-555-5828, Charlotte, Bangladesh
406, Joshua, Moore, Joshua.Moore@6984.com, +1 429-555-3858, New Orleans, Bangladesh
407, Justin, Turner, Justin.Turner@3358.com, +1 850-555-4928, Long Beach, Andorra
408, Patrick, Johnson, Patrick.Johnson@6614.com, +1 928-555-9441, Tucson, Bhutan
409, Thomas, Adams, Thomas.Adams@8711.com, +1 169-555-8916, Miami, Colombia
410, William, Smith, William.Smith@7509.com, +1 407-555-3251, Raleigh, Bhutan
411, Brian, Moore, Brian.Moore@7825.com, +1 611-555-9243, Raleigh, Burkina Faso
412, Jerry, Walker, Jerry.Walker@4718.com, +1 232-555-9974, Fort Worth, Algeria
413, Alexander, Jackson, Alexander.Jackson@2474.com, +1 589-555-1331, Portland, Brunei
414, Gregory, King, Gregory.King@3783.com, +1 777-555-1118, Columbus, Belarus
415, John, Hill, John.Hill@9190.com, +1 346-555-4349, Tucson, Bulgaria
416, Dennis, Roberts, Dennis.Roberts@1228.com, +1 711-555-6977, Virginia Beach, Bolivia
417, Christopher, Jones, Christopher.Jones@4725.com, +1 954-555-2239, Kansas City, Burkina Faso
418, Jonathan, Martin, Jonathan.Martin@2847.com, +1 516-555-7318, San Antonio, Brunei
419, Justin, Turner, Justin.Turner@7833.com, +1 172-555-8332, San Francisco, Cuba
420, Jeffrey, Hill, Jeffrey.Hill@1104.com, +1 900-555-5597, Fresno, Afghanistan
421, Scott, Roberts, Scott.Roberts@9861.com, +1 505-555-4353, Seattle, Azerbaijan
422, Jack, Hall, Jack.Hall@1076.com, +1 493-555-2243, San Francisco, Chad
423, Robert, Walker, Robert.Walker@8671.com, +1 340-555-6250, Tulsa, Cuba
424, Joseph, Walker, Joseph.Walker@2242.com, +1 876-555-9680, Long Beach, Austria
425, Matthew, Taylor, Matthew.Taylor@4513.com, +1 300-555-7873, Indianapolis, Democratic Republic of the Congo
426, Benjamin, Thomas, Benjamin.Thomas@2113.com, +1 654-555-5279, Omaha, Algeria
427, Jeffrey, Jones, Jeffrey.Jones@5632.com, +1 929-555-3719, San Francisco, Botswana
428, Andrew, Garcia, Andrew.Garcia@7669.com, +1 522-555-4118, Portland, Brunei
429, Alexander, King, Alexander.King@4031.com, +1 686-555-3578, Kansas City, Algeria
430, Timothy, Williams, Timothy.Williams@5535.com, +1 430-555-3473, Arlington, Cyprus
431, Eric, Taylor, Eric.Taylor@5904.com, +1 787-555-9757, Phoenix, Colombia
432, David, Garcia, David.Garcia@4080.com, +1 924-555-6612, Los Angeles, Cambodia
433, Alexander, Martin, Alexander.Martin@3005.com, +1 649-555-1049, Indianapolis, Belgium
434, Gary, Lewis, Gary.Lewis@9785.com, +1 273-555-9392, Virginia Beach, Czechia (Czech Republic)
435, Eric, Moore, Eric.Moore@9547.com, +1 278-555-6607, Sacramento, Albania
436, Patrick, Harris, Patrick.Harris@6856.com, +1 927-555-6622, New York, Angola
437, Andrew, Young, Andrew.Young@2897.com, +1 295-555-7590, Miami, Côte d'Ivoire
438, Justin, Anderson, Justin.Anderson@4903.com, +1 863-555-9759, Virginia Beach, Cameroon
439, Raymond, Robinson, Raymond.Robinson@7344.com, +1 342-555-9269, Denver, China
440, Ronald, Carter, Ronald.Carter@3092.com, +1 569-555-5219, Sacramento, Argentina
441, John, Carter, John.Carter@1881.com, +1 606-555-4116, Oklahoma City, Benin
442, Ryan, Anderson, Ryan.Anderson@5525.com, +1 171-555-7443, Wichita, Colombia
443, Timothy, Young, Timothy.Young@9155.com, +1 823-555-2429, Indianapolis, Australia
444, Brian, Lewis, Brian.Lewis@1692.com, +1 767-555-7176, Portland, Bahrain
445, Kenneth, Lee, Kenneth.Lee@2551.com, +1 783-555-1482, Seattle, Dominica
446, Joseph, Thompson, Joseph.Thompson@1777.com, +1 227-555-3654, Fresno, Brazil
447, Kevin, Davis, Kevin.Davis@7601.com, +1 684-555-4592, Fresno, Austria
448, Raymond, Nelson, Raymond.Nelson@8769.com, +1 788-555-5852, Houston, Austria
449, Alexander, Allen, Alexander.Allen@1353.com, +1 427-555-1955, Las Vegas, Dominica
450, Brian, Wilson, Brian.Wilson@6494.com, +1 341-555-1891, Seattle, Central African Republic
451, Jacob, Clark, Jacob.Clark@6781.com, +1 196-555-2690, Oakland, Bolivia
452, Patrick, Nelson, Patrick.Nelson@5572.com, +1 187-555-6998, Baltimore, Belize
453, Ryan, Green, Ryan.Green@5877.com, +1 657-555-7517, Jacksonville, Brunei
454, Jerry, White, Jerry.White@2797.com, +1 602-555-5583, New York, Djibouti
455, Nicholas, Torres, Nicholas.Torres@2866.com, +1 514-555-5398, Denver, Argentina
456, Jacob, Harris, Jacob.Harris@7941.com, +1 209-555-9976, New York, Botswana
457, Gary, Anderson, Gary.Anderson@7196.com, +1 315-555-4487, Tampa, Denmark
458, Ronald, White, Ronald.White@1930.com, +1 773-555-1775, Wichita, Bolivia
459, Jonathan, Moore, Jonathan.Moore@4169.com, +1 838-555-9803, Austin, Democratic Republic of the Congo
460, Donald, Baker, Donald.Baker@8288.com, +1 917-555-4570, Kansas City, Denmark
461, Michael, Thompson, Michael.Thompson@6128.com, +1 857-555-7093, Tulsa, Belgium
462, Frank, Young, Frank.Young@9510.com, +1 344-555-6989, Wichita, Dominican Republic
463, George, Evans, George.Evans@1107.com, +1 364-555-9177, Boston, Cambodia
464, Anthony, Brown, Anthony.Brown@2980.com, +1 601-555-3189, Dallas, Burundi
465, Nicholas, Wilson, Nicholas.Wilson@8779.com, +1 781-555-5176, Minneapolis, Belarus
466, Ronald, Nelson, Ronald.Nelson@6367.com, +1 381-555-9647, Boston, Colombia
467, Kenneth, Walker, Kenneth.Walker@2507.com, +1 812-555-3220, Detroit, Austria
468, Thomas, White, Thomas.White@5206.com, +1 943-555-8985, Omaha, Azerbaijan
469, Frank, Johnson, Frank.Johnson@3700.com, +1 644-555-7470, Denver, Bhutan
470, Kenneth, Taylor, Kenneth.Taylor@8674.com, +1 903-555-5473, Minneapolis, Dominican Republic
471, Alexander, Johnson, Alexander.Johnson@8516.com, +1 409-555-6428, Virginia Beach, Dominican Republic
472, Patrick, Wright, Patrick.Wright@2096.com, +1 736-555-6863, Philadelphia, Andorra
473, William, Martin, William.Martin@7560.com, +1 556-555-4924, Long Beach, Barbados
474, Kevin, Mitchell, Kevin.Mitchell@5925.com, +1 128-555-7438, San Francisco, Azerbaijan
475, Raymond, Phillips, Raymond.Phillips@9448.com, +1 503-555-8021, Memphis, Brazil
476, Jacob, Thompson, Jacob.Thompson@1750.com, +1 292-555-6509, Boston, Angola
477, Kenneth, Martin, Kenneth.Martin@7178.com, +1 927-555-9517, Tampa, Algeria
478, Patrick, Anderson, Patrick.Anderson@1041.com, +1 448-555-9380, Dallas, Bolivia
479, Brandon, Sanchez, Brandon.Sanchez@5213.com, +1 695-555-2908, Austin, Bangladesh
480, Jonathan, Clark, Jonathan.Clark@3612.com, +1 700-555-7054, Philadelphia, Belize
481, James, Davis, James.Davis@8971.com, +1 115-555-9260, Oklahoma City, Chile
482, Michael, Jackson, Michael.Jackson@7021.com, +1 642-555-8910, Miami, Austria
483, Steven, Lopez, Steven.Lopez@1042.com, +1 498-555-3642, Phoenix, Cyprus
484, Daniel, Garcia, Daniel.Garcia@2519.com, +1 990-555-7114, Philadelphia, Brunei
485, Daniel, Smith, Daniel.Smith@9792.com, +1 117-555-9736, San Diego, Antigua and Barbuda
486, Richard, Johnson, Richard.Johnson@6776.com, +1 367-555-2925, Raleigh, Cyprus
487, Jerry, Wilson, Jerry.Wilson@7164.com, +1 467-555-2457, Denver, Dominica
488, Ryan, Martin, Ryan.Martin@5440.com, +1 897-555-7509, Kansas City, Armenia
489, James, Allen, James.Allen@1573.com, +1 954-555-2151, Las Vegas, Albania
490, George, Davis, George.Davis@9548.com, +1 250-555-5160, Seattle, Democratic Republic of the Congo
491, Gregory, Turner, Gregory.Turner@8007.com, +1 216-555-4725, San Francisco, Belize
492, Kevin, Moore, Kevin.Moore@8508.com, +1 748-555-2549, Tucson, Benin
493, William, Smith, William.Smith@7294.com, +1 948-555-8766, Seattle, Austria
494, Nicholas, Mitchell, Nicholas.Mitchell@7047.com, +1 189-555-4667, Houston, Belgium
495, Justin, Harris, Justin.Harris@1190.com, +1 788-555-5339, Colorado Springs, Angola
496, Samuel, Jackson, Samuel.Jackson@8133.com, +1 349-555-7248, Tucson, Botswana
497, Joshua, Perez, Joshua.Perez@4358.com, +1 237-555-7446, Los Angeles, Australia
498, Richard, Adams, Richard.Adams@9940.com, +1 152-555-1105, San Francisco, Chad
499, Kenneth, Thomas, Kenneth.Thomas@5603.com, +1 494-555-6786, Indianapolis, Brunei
500, Brandon, Campbell, Brandon.Campbell@7048.com, +1 645-555-4557, Houston, Dominican Republic
501, Benjamin, Lopez, Benjamin.Lopez@8914.com, +1 285-555-9260, Atlanta, Argentina
502, Justin, Wilson, Justin.Wilson@3143.com, +1 172-555-1220, San Francisco, Belarus
503, Matthew, Walker, Matthew.Walker@2769.com, +1 634-555-9715, Kansas City, Belize
504, Ryan, Green, Ryan.Green@6265.com, +1 807-555-7683, Portland, Chile
505, Samuel, Thompson, Samuel.Thompson@1140.com, +1 708-555-6030, Oakland, Czechia (Czech Republic)
506, Brandon, Lopez, Brandon.Lopez@7772.com, +1 428-555-3250, Detroit, Cabo Verde
507, David, Thompson, David.Thompson@5917.com, +1 361-555-1150, San Diego, Argentina
508, Brian, Scott, Brian.Scott@2714.com, +1 730-555-2716, Indianapolis, Bahamas
509, Jerry, Baker, Jerry.Baker@7958.com, +1 393-555-3550, Las Vegas, Bosnia and Herzegovina
510, Samuel, Gonzalez, Samuel.Gonzalez@2664.com, +1 507-555-1501, Sacramento, Cabo Verde
511, Charles, Young, Charles.Young@8559.com, +1 346-555-3096, Mesa, Bosnia and Herzegovina
512, Jeffrey, Carter, Jeffrey.Carter@8312.com, +1 569-555-8495, Columbus, Cameroon
513, Brian, Sanchez, Brian.Sanchez@3066.com, +1 507-555-7385, Portland, Cameroon
514, Gary, Taylor, Gary.Taylor@3239.com, +1 607-555-9366, Boston, Cuba
515, Larry, Nelson, Larry.Nelson@9598.com, +1 964-555-6274, Omaha, Bahrain
516, Benjamin, Taylor, Benjamin.Taylor@3726.com, +1 258-555-5726, New York, Algeria
517, Jacob, Lee, Jacob.Lee@8701.com, +1 359-555-7755, Columbus, Bahamas
518, Jacob, Walker, Jacob.Walker@3245.com, +1 821-555-2189, Nashville, Afghanistan
519, James, Smith, James.Smith@2610.com, +1 383-555-9708, Philadelphia, Czechia (Czech Republic)
520, Paul, Campbell, Paul.Campbell@5800.com, +1 665-555-2620, Las Vegas, Barbados
521, Donald, Ramirez, Donald.Ramirez@5325.com, +1 196-555-1893, Seattle, Brunei
522, Joseph, Williams, Joseph.Williams@8025.com, +1 667-555-7046, San Francisco, Argentina
523, George, Adams, George.Adams@9245.com, +1 834-555-2268, Jacksonville, Bangladesh
524, James, Garcia, James.Garcia@9328.com, +1 663-555-6795, El Paso, Armenia
525, Kenneth, Taylor, Kenneth.Taylor@3599.com, +1 770-555-9348, Raleigh, Barbados
526, Jack, Martinez, Jack.Martinez@8498.com, +1 362-555-6186, Wichita, Bhutan
527, Eric, Baker, Eric.Baker@4893.com, +1 832-555-6668, Memphis, Congo (Congo-Brazzaville)
528, Kenneth, Torres, Kenneth.Torres@6763.com, +1 104-555-8799, Omaha, Azerbaijan
529, Edward, Carter, Edward.Carter@7137.com, +1 576-555-7065, Arlington, Colombia
530, Alexander, Hernandez, Alexander.Hernandez@3925.com, +1 920-555-3200, Tampa, Colombia
531, Gregory, White, Gregory.White@1686.com, +1 523-555-1925, New York, Croatia
532, Samuel, Hall, Samuel.Hall@5101.com, +1 911-555-9202, Wichita, Comoros
533, Kevin, Robinson, Kevin.Robinson@9367.com, +1 798-555-2693, Long Beach, Botswana
534, Jack, Adams, Jack.Adams@4274.com, +1 524-555-3551, Tucson, Afghanistan
535, Justin, Jackson, Justin.Jackson@7614.com, +1 542-555-1822, New Orleans, Comoros
536, Scott, Young, Scott.Young@9242.com, +1 632-555-3537, Tucson, Benin
537, Joseph, Garcia, Joseph.Garcia@5383.com, +1 391-555-6014, Seattle, Botswana
538, Gregory, Torres, Gregory.Torres@4606.com, +1 881-555-9549, El Paso, Burkina Faso
539, Alexander, Allen, Alexander.Allen@1901.com, +1 756-555-9560, Houston, Croatia
540, Stephen, Perez, Stephen.Perez@2534.com, +1 143-555-7609, Omaha, Afghanistan
541, Nicholas, Davis, Nicholas.Davis@3949.com, +1 264-555-1712, San Francisco, Djibouti
542, Richard, Robinson, Richard.Robinson@8680.com, +1 981-555-8228, Denver, Bulgaria
543, Edward, Wilson, Edward.Wilson@2102.com, +1 715-555-4130, San Francisco, Central African Republic
544, Kevin, Evans, Kevin.Evans@9661.com, +1 805-555-7580, Philadelphia, Bahrain
545, Steven, King, Steven.King@3440.com, +1 387-555-1899, San Jose, Bangladesh
546, Paul, Perez, Paul.Perez@2894.com, +1 395-555-5102, Tucson, Brazil
547, Benjamin, Hill, Benjamin.Hill@9350.com, +1 175-555-3794, Austin, Congo (Congo-Brazzaville)
548, Raymond, Hernandez, Raymond.Hernandez@6709.com, +1 351-555-2601, Baltimore, Andorra
549, Ronald, Lee, Ronald.Lee@8178.com, +1 751-555-1815, Atlanta, Costa Rica
550, Ryan, Thompson, Ryan.Thompson@3898.com, +1 348-555-5237, San Diego, Côte d'Ivoire
551, Patrick, King, Patrick.King@7453.com, +1 269-555-4231, San Francisco, Democratic Republic of the Congo
552, Gregory, Campbell, Gregory.Campbell@6889.com, +1 761-555-5230, San Francisco, Albania
553, Benjamin, Hill, Benjamin.Hill@4809.com, +1 770-555-2343, Las Vegas, Congo (Congo-Brazzaville)
554, Paul, Adams, Paul.Adams@5013.com, +1 771-555-5631, Columbus, Côte d'Ivoire
555, John, Clark, John.Clark@1039.com, +1 558-555-1113, Columbus, Brazil
556, Eric, Robinson, Eric.Robinson@7266.com, +1 842-555-5243, Fresno, Bahrain
557, Steven, Green, Steven.Green@3870.com, +1 133-555-6139, Virginia Beach, Andorra
558, William, Clark, William.Clark@5559.com, +1 194-555-6391, Albuquerque, Democratic Republic of the Congo
559, Nicholas, Adams, Nicholas.Adams@5689.com, +1 502-555-6913, Mesa, Bulgaria
560, Ryan, Allen, Ryan.Allen@2321.com, +1 192-555-8068, San Diego, Bhutan
561, Ronald, Young, Ronald.Young@6257.com, +1 209-555-8572, Chicago, Comoros
562, Ryan, Clark, Ryan.Clark@9805.com, +1 731-555-8621, Minneapolis, Bahrain
563, Justin, Davis, Justin.Davis@7810.com, +1 998-555-4542, Indianapolis, Cuba
564, Joseph, Wright, Joseph.Wright@4653.com, +1 814-555-4953, Sacramento, Belarus
565, Donald, Lewis, Donald.Lewis@1508.com, +1 501-555-6643, Albuquerque, Djibouti
566, Jacob, White, Jacob.White@5612.com, +1 927-555-5384, Indianapolis, Comoros
567, William, Rodriguez, William.Rodriguez@4923.com, +1 632-555-6402, Colorado Springs, Australia
568, Eric, Phillips, Eric.Phillips@1750.com, +1 849-555-7106, Memphis, Afghanistan
569, Richard, Turner, Richard.Turner@9447.com, +1 434-555-7681, San Diego, Cambodia
570, Justin, Perez, Justin.Perez@8488.com, +1 968-555-4759, Charlotte, Djibouti
571, Nicholas, Clark, Nicholas.Clark@8290.com, +1 581-555-5390, Seattle, Afghanistan
572, David, Brown, David.Brown@8611.com, +1 863-555-7912, Kansas City, Denmark
573, Paul, Smith, Paul.Smith@1168.com, +1 182-555-4863, Tulsa, Bulgaria
574, Christopher, Hall, Christopher.Hall@6829.com, +1 962-555-7440, Nashville, Chile
575, Frank, Roberts, Frank.Roberts@1509.com, +1 563-555-6229, Indianapolis, Austria
576, Joseph, Thompson, Joseph.Thompson@9392.com, +1 787-555-3235, Minneapolis, Argentina
577, Matthew, Harris, Matthew.Harris@1146.com, +1 960-555-7477, Albuquerque, Cyprus
578, James, Adams, James.Adams@4025.com, +1 279-555-5375, Louisville, Chad
579, Thomas, Young, Thomas.Young@9508.com, +1 632-555-5619, Miami, Bolivia
580, Larry, Turner, Larry.Turner@9615.com, +1 811-555-9438, Phoenix, Cabo Verde
581, Richard, Walker, Richard.Walker@1076.com, +1 197-555-8760, Boston, Dominican Republic
582, Jeffrey, Lopez, Jeffrey.Lopez@6414.com, +1 375-555-9587, Detroit, Austria
583, Gary, Jones, Gary.Jones@9262.com, +1 700-555-6428, Miami, China
584, John, Martin, John.Martin@6279.com, +1 168-555-6264, Virginia Beach, Algeria
585, John, Anderson, John.Anderson@1947.com, +1 874-555-9805, Wichita, Colombia
586, Daniel, Lopez, Daniel.Lopez@6813.com, +1 343-555-1351, Virginia Beach, Brazil
587, Steven, King, Steven.King@5626.com, +1 853-555-7665, New Orleans, Democratic Republic of the Congo
588, Mark, Taylor, Mark.Taylor@7347.com, +1 938-555-4612, Detroit, Antigua and Barbuda
589, Matthew, Johnson, Matthew.Johnson@1380.com, +1 816-555-6706, Philadelphia, Algeria
590, Frank, Ramirez, Frank.Ramirez@3301.com, +1 255-555-7361, San Antonio, Albania
591, Donald, Garcia, Donald.Garcia@8923.com, +1 981-555-1306, New Orleans, Brunei
592, Nicholas, King, Nicholas.King@4897.com, +1 584-555-5631, New York, Czechia (Czech Republic)
593, Jack, Sanchez, Jack.Sanchez@5078.com, +1 994-555-7497, Portland, China
594, William, Davis, William.Davis@8366.com, +1 372-555-8120, Nashville, Djibouti
595, Benjamin, Roberts, Benjamin.Roberts@1644.com, +1 259-555-9578, Tampa, Colombia
596, Joshua, Phillips, Joshua.Phillips@9512.com, +1 367-555-3766, Nashville, Canada
597, Benjamin, Scott, Benjamin.Scott@9198.com, +1 380-555-9949, Philadelphia, Albania
598, William, Jones, William.Jones@1971.com, +1 660-555-1933, Jacksonville, Bosnia and Herzegovina
599, Daniel, King, Daniel.King@4919.com, +1 157-555-4531, Los Angeles, Cyprus
600, Patrick, Hernandez, Patrick.Hernandez@8789.com, +1 885-555-6470, Virginia Beach, Brazil
601, Brandon, Rodriguez, Brandon.Rodriguez@8551.com, +1 611-555-7479, Las Vegas, Bahamas
602, Mark, Rodriguez, Mark.Rodriguez@2110.com, +1 683-555-4446, Kansas City, Angola
603, Edward, Johnson, Edward.Johnson@1568.com, +1 196-555-9972, New Orleans, Central African Republic
604, Charles, Williams, Charles.Williams@1244.com, +1 438-555-9585, Miami, Bahrain
605, Kenneth, Martin, Kenneth.Martin@9747.com, +1 227-555-5239, New York, Albania
606, Richard, Smith, Richard.Smith@9429.com, +1 225-555-5425, Milwaukee, Côte d'Ivoire
607, Justin, Nelson, Justin.Nelson@1068.com, +1 636-555-4535, Las Vegas, Barbados
608, Samuel, Johnson, Samuel.Johnson@7456.com, +1 333-555-7452, Chicago, Bahrain
609, Ryan, Jackson, Ryan.Jackson@6331.com, +1 430-555-2930, Colorado Springs, Brazil
610, Frank, Thompson, Frank.Thompson@9610.com, +1 565-555-8486, Milwaukee, Bosnia and Herzegovina
611, David, Perez, David.Perez@4580.com, +1 367-555-2643, San Francisco, Central African Republic
612, Stephen, Torres, Stephen.Torres@1159.com, +1 915-555-1049, New York, Côte d'Ivoire
613, Larry, Sanchez, Larry.Sanchez@7071.com, +1 776-555-9369, Arlington, Andorra
614, Frank, Jones, Frank.Jones@3546.com, +1 440-555-2984, El Paso, Angola
615, Anthony, King, Anthony.King@8632.com, +1 440-555-6119, Denver, Afghanistan
616, Joseph, Adams, Joseph.Adams@8272.com, +1 516-555-5520, Long Beach, Belize
617, Paul, Campbell, Paul.Campbell@7629.com, +1 945-555-6761, Omaha, Armenia
618, Kevin, Anderson, Kevin.Anderson@9122.com, +1 892-555-6652, Tampa, Cameroon
619, Christopher, Evans, Christopher.Evans@7580.com, +1 447-555-2142, Oklahoma City, Belarus
620, Gregory, Campbell, Gregory.Campbell@1508.com, +1 261-555-5531, New Orleans, Djibouti
621, Charles, Moore, Charles.Moore@1972.com, +1 363-555-4087, Los Angeles, Costa Rica
622, Jerry, Brown, Jerry.Brown@5717.com, +1 471-555-7330, Kansas City, Belize
623, Steven, Martin, Steven.Martin@1211.com, +1 240-555-3220, Virginia Beach, Bulgaria
624, Edward, Martinez, Edward.Martinez@4746.com, +1 892-555-7678, Colorado Springs, Bulgaria
625, Edward, Johnson, Edward.Johnson@4659.com, +1 698-555-7674, Louisville, Cabo Verde
626, Samuel, Taylor, Samuel.Taylor@8526.com, +1 996-555-6676, Detroit, Bangladesh
627, Ryan, Baker, Ryan.Baker@6200.com, +1 176-555-7120, Omaha, Albania
628, Charles, Harris, Charles.Harris@3340.com, +1 503-555-3874, Raleigh, Algeria
629, Jacob, Taylor, Jacob.Taylor@5205.com, +1 218-555-7285, Tampa, Cambodia
630, Alexander, Gonzalez, Alexander.Gonzalez@6403.com, +1 995-555-2119, Atlanta, Barbados
631, Ryan, Lopez, Ryan.Lopez@3940.com, +1 389-555-1529, San Diego, Bangladesh
632, David, Harris, David.Harris@8517.com, +1 455-555-4977, Kansas City, Chile
633, Joshua, Jones, Joshua.Jones@3246.com, +1 790-555-9308, Jacksonville, Cabo Verde
634, Brandon, White, Brandon.White@9582.com, +1 393-555-9299, Colorado Springs, Belgium
635, Timothy, Lee, Timothy.Lee@8381.com, +1 468-555-6433, Long Beach, Azerbaijan
636, Christopher, Lewis, Christopher.Lewis@1749.com, +1 813-555-7281, Virginia Beach, Brunei
637, Dennis, White, Dennis.White@4308.com, +1 149-555-7836, Oakland, Bahamas
638, Christopher, King, Christopher.King@7757.com, +1 529-555-4434, Las Vegas, Belarus
639, Jerry, Moore, Jerry.Moore@3721.com, +1 962-555-4657, Los Angeles, Chad
640, Scott, Evans, Scott.Evans@7685.com, +1 933-555-3102, Austin, Algeria
641, Donald, Williams, Donald.Williams@3650.com, +1 951-555-8667, Seattle, Denmark
642, Ronald, Robinson, Ronald.Robinson@2986.com, +1 867-555-1093, Oklahoma City, Afghanistan
643, Thomas, Gonzalez, Thomas.Gonzalez@9749.com, +1 449-555-1602, New Orleans, Burkina Faso
644, Jason, Johnson, Jason.Johnson@8416.com, +1 456-555-3491, Mesa, Bahamas
645, Larry, Baker, Larry.Baker@6678.com, +1 512-555-1431, Raleigh, Cuba
646, Nicholas, Walker, Nicholas.Walker@3622.com, +1 620-555-4909, San Antonio, Argentina
647, Ryan, Williams, Ryan.Williams@3046.com, +1 907-555-3112, Phoenix, Congo (Congo-Brazzaville)
648, Timothy, Jones, Timothy.Jones@2989.com, +1 846-555-1336, Omaha, Burkina Faso
649, Jason, Lee, Jason.Lee@4922.com, +1 974-555-6694, Columbus, Cuba
650, Brandon, Martinez, Brandon.Martinez@8692.com, +1 733-555-5536, Oklahoma City, Cabo Verde
651, Dennis, Gonzalez, Dennis.Gonzalez@5373.com, +1 165-555-3002, El Paso, Bhutan
652, Benjamin, Martinez, Benjamin.Martinez@9989.com, +1 241-555-7857, Oakland, Antigua and Barbuda
653, Donald, Mitchell, Donald.Mitchell@5077.com, +1 202-555-4983, Oklahoma City, Argentina
654, Kevin, Davis, Kevin.Davis@6871.com, +1 679-555-6605, Columbus, Bangladesh
655, Edward, Carter, Edward.Carter@9217.com, +1 770-555-7516, New Orleans, Burundi
656, Anthony, Johnson, Anthony.Johnson@5332.com, +1 429-555-8326, Houston, Chad
657, Charles, Gonzalez, Charles.Gonzalez@3592.com, +1 405-555-8955, Miami, Botswana
658, Jerry, Phillips, Jerry.Phillips@6614.com, +1 516-555-4775, Colorado Springs, Angola
659, Christopher, Thomas, Christopher.Thomas@9251.com, +1 348-555-4968, Dallas, Argentina
660, Thomas, Evans, Thomas.Evans@7918.com, +1 512-555-5690, San Jose, Côte d'Ivoire
661, Ryan, Lopez, Ryan.Lopez@5507.com, +1 320-555-2107, Philadelphia, Brunei
662, James, Lee, James.Lee@8216.com, +1 419-555-1869, Tucson, China
663, Kenneth, Clark, Kenneth.Clark@6814.com, +1 593-555-6580, Nashville, Croatia
664, Kenneth, Mitchell, Kenneth.Mitchell@8434.com, +1 126-555-3259, Mesa, Cameroon
665, Matthew, Anderson, Matthew.Anderson@6612.com, +1 624-555-4869, New York, Colombia
666, Eric, Lopez, Eric.Lopez@1225.com, +1 627-555-4286, Sacramento, Central African Republic
667, Dennis, Smith, Dennis.Smith@6851.com, +1 117-555-8808, Arlington, Burundi
668, Benjamin, Hernandez, Benjamin.Hernandez@9205.com, +1 934-555-9043, Arlington, Canada
669, Thomas, Lee, Thomas.Lee@3792.com, +1 767-555-3235, San Jose, Andorra
670, Paul, Ramirez, Paul.Ramirez@9536.com, +1 667-555-9714, San Antonio, Bahrain
671, Charles, Smith, Charles.Smith@3798.com, +1 885-555-5844, Tulsa, Brunei
672, Paul, Johnson, Paul.Johnson@6190.com, +1 915-555-9329, Seattle, Dominican Republic
673, Jason, Taylor, Jason.Taylor@9745.com, +1 798-555-8396, Kansas City, Dominica
674, Brandon, Wilson, Brandon.Wilson@1303.com, +1 269-555-7674, Austin, Democratic Republic of the Congo
675, Andrew, King, Andrew.King@3903.com, +1 396-555-3480, San Jose, Democratic Republic of the Congo
676, Brian, Hernandez, Brian.Hernandez@3329.com, +1 562-555-5925, San Diego, Afghanistan
677, Charles, Torres, Charles.Torres@9139.com, +1 752-555-2596, Fort Worth, Bahrain
678, Jacob, Turner, Jacob.Turner@4309.com, +1 269-555-5480, Virginia Beach, Bolivia
679, Christopher, Walker, Christopher.Walker@7127.com, +1 706-555-3502, Arlington, Denmark
680, Jacob, Hill, Jacob.Hill@5904.com, +1 265-555-8446, Jacksonville, Cabo Verde
681, Stephen, Johnson, Stephen.Johnson@3620.com, +1 891-555-5163, Minneapolis, Belarus
682, Kevin, Lopez, Kevin.Lopez@6096.com, +1 968-555-8640, Tampa, Argentina
683, James, Lee, James.Lee@1024.com, +1 321-555-1554, Fort Worth, Croatia
684, Stephen, Turner, Stephen.Turner@9748.com, +1 557-555-9369, Philadelphia, Belgium
685, Justin, Roberts, Justin.Roberts@2552.com, +1 623-555-9737, Denver, Afghanistan
686, Jerry, Jones, Jerry.Jones@2056.com, +1 228-555-6846, Seattle, Côte d'Ivoire
687, Jerry, Miller, Jerry.Miller@7910.com, +1 835-555-7138, Los Angeles, Azerbaijan
688, Dennis, Gonzalez, Dennis.Gonzalez@3173.com, +1 422-555-3560, Charlotte, Central African Republic
689, Robert, Hall, Robert.Hall@3742.com, +1 543-555-5568, Boston, Central African Republic
690, Edward, Taylor, Edward.Taylor@7471.com, +1 196-555-3773, Miami, Barbados
691, Benjamin, Anderson, Benjamin.Anderson@6557.com, +1 486-555-4390, San Antonio, Dominica
692, Gary, Perez, Gary.Perez@6843.com, +1 425-555-3307, Long Beach, Côte d'Ivoire
693, Ryan, Clark, Ryan.Clark@9216.com, +1 785-555-2024, New Orleans, Bangladesh
694, Alexander, Turner, Alexander.Turner@4748.com, +1 857-555-1925, Denver, Cameroon
695, David, Turner, David.Turner@1755.com, +1 943-555-8867, San Diego, Canada
696, George, Ramirez, George.Ramirez@4782.com, +1 584-555-4362, Denver, Brazil
697, Jack, Taylor, Jack.Taylor@6004.com, +1 766-555-7057, Virginia Beach, Cabo Verde
698, Alexander, Jackson, Alexander.Jackson@8772.com, +1 249-555-7255, Virginia Beach, Argentina
699, Benjamin, Allen, Benjamin.Allen@5205.com, +1 193-555-1717, Denver, Colombia
700, Jerry, Williams, Jerry.Williams@6931.com, +1 491-555-8814, Arlington, Belarus
701, Donald, Garcia, Donald.Garcia@8607.com, +1 388-555-1761, Chicago, Democratic Republic of the Congo
702, George, Gonzalez, George.Gonzalez@3171.com, +1 101-555-3405, Nashville, Côte d'Ivoire
703, Kenneth, Garcia, Kenneth.Garcia@8195.com, +1 871-555-1050, New York, Denmark
704, Patrick, Adams, Patrick.Adams@9375.com, +1 960-555-5388, Charlotte, Andorra
705, Matthew, Lee, Matthew.Lee@8358.com, +1 620-555-4381, Miami, Côte d'Ivoire
706, Frank, Johnson, Frank.Johnson@4206.com, +1 234-555-7411, San Francisco, Côte d'Ivoire
707, Ronald, Phillips, Ronald.Phillips@8951.com, +1 794-555-8410, Seattle, Cambodia
708, Anthony, Wright, Anthony.Wright@2981.com, +1 490-555-2216, Kansas City, Djibouti
709, Frank, Nelson, Frank.Nelson@6826.com, +1 683-555-3727, Philadelphia, Cuba
710, Benjamin, Scott, Benjamin.Scott@6140.com, +1 406-555-9046, Omaha, Angola
711, Richard, Scott, Richard.Scott@8363.com, +1 145-555-1583, Mesa, Argentina
712, Mark, Wright, Mark.Wright@6280.com, +1 798-555-6690, Seattle, Burundi
713, Justin, Mitchell, Justin.Mitchell@7075.com, +1 971-555-9544, Milwaukee, Angola
714, Charles, Turner, Charles.Turner@6536.com, +1 835-555-6268, Atlanta, Cyprus
715, Alexander, Evans, Alexander.Evans@1999.com, +1 894-555-8291, Fresno, Burkina Faso
716, Eric, White, Eric.White@8239.com, +1 170-555-8289, Indianapolis, Botswana
717, Robert, Miller, Robert.Miller@5774.com, +1 662-555-3335, San Francisco, Cuba
718, Jerry, Allen, Jerry.Allen@3940.com, +1 402-555-6033, San Diego, Albania
719, John, Thomas, John.Thomas@2218.com, +1 841-555-1738, Fresno, Botswana
720, Jack, Clark, Jack.Clark@5515.com, +1 531-555-9464, Fresno, Algeria
721, Jacob, Hill, Jacob.Hill@3433.com, +1 694-555-4567, Kansas City, Belgium
722, George, Rodriguez, George.Rodriguez@8355.com, +1 347-555-4282, Omaha, Benin
723, Alexander, Green, Alexander.Green@5464.com, +1 811-555-3063, Fresno, Belize
724, Jack, Allen, Jack.Allen@6993.com, +1 727-555-2011, San Antonio, Comoros
725, Edward, Allen, Edward.Allen@7469.com, +1 619-555-3394, San Diego, Afghanistan
726, Edward, Taylor, Edward.Taylor@9465.com, +1 569-555-8414, Austin, Cyprus
727, Scott, Harris, Scott.Harris@1232.com, +1 993-555-9495, Dallas, Costa Rica
728, Jonathan, Lee, Jonathan.Lee@9586.com, +1 911-555-6105, Louisville, Cuba
729, Paul, Green, Paul.Green@3507.com, +1 339-555-3685, Indianapolis, Bosnia and Herzegovina
730, Timothy, Anderson, Timothy.Anderson@3824.com, +1 506-555-1170, Kansas City, Denmark
731, John, Sanchez, John.Sanchez@7804.com, +1 911-555-1387, Tucson, Canada
732, Daniel, Phillips, Daniel.Phillips@5433.com, +1 822-555-9103, San Diego, Canada
733, Andrew, Evans, Andrew.Evans@2274.com, +1 406-555-7874, Atlanta, Afghanistan
734, Anthony, Wright, Anthony.Wright@3576.com, +1 152-555-4403, Denver, Colombia
735, Thomas, Perez, Thomas.Perez@1362.com, +1 887-555-9373, Albuquerque, Afghanistan
736, Samuel, Smith, Samuel.Smith@3947.com, +1 164-555-2076, Austin, Colombia
737, Dennis, Ramirez, Dennis.Ramirez@6734.com, +1 917-555-2062, Philadelphia, Cyprus
738, James, Lee, James.Lee@6937.com, +1 184-555-6671, Jacksonville, Denmark
739, Patrick, Evans, Patrick.Evans@9828.com, +1 892-555-1623, San Jose, Cuba
740, Brandon, Martin, Brandon.Martin@9995.com, +1 984-555-7453, Tucson, Cyprus
741, Jack, Anderson, Jack.Anderson@4832.com, +1 304-555-3356, Indianapolis, Democratic Republic of the Congo
742, Justin, Rodriguez, Justin.Rodriguez@3891.com, +1 531-555-9387, Minneapolis, Bhutan
743, Andrew, King, Andrew.King@5678.com, +1 109-555-4688, Louisville, Burundi
744, David, Smith, David.Smith@6394.com, +1 894-555-5224, Kansas City, Canada
745, Larry, Turner, Larry.Turner@4642.com, +1 972-555-3042, Dallas, Belarus
746, Joseph, White, Joseph.White@5135.com, +1 144-555-8808, Indianapolis, Belize
747, Kevin, Brown, Kevin.Brown@2309.com, +1 606-555-6010, Louisville, Chad
748, Kevin, Baker, Kevin.Baker@9410.com, +1 299-555-2347, El Paso, Bahrain
749, Christopher, Martin, Christopher.Martin@7786.com, +1 455-555-7023, Tulsa, Belize
750, Kenneth, Nelson, Kenneth.Nelson@2484.com, +1 926-555-3150, Raleigh, Bahrain
751, Brandon, Ramirez, Brandon.Ramirez@6125.com, +1 765-555-9544, Albuquerque, Argentina
752, Brian, Lopez, Brian.Lopez@7633.com, +1 490-555-8926, San Diego, Côte d'Ivoire
753, Jason, Phillips, Jason.Phillips@9935.com, +1 920-555-4442, Portland, Belarus
754, Kevin, Carter, Kevin.Carter@2710.com, +1 993-555-3606, Dallas, Andorra
755, Anthony, Jackson, Anthony.Jackson@2727.com, +1 325-555-3992, Atlanta, Costa Rica
756, Raymond, Thompson, Raymond.Thompson@1589.com, +1 694-555-5244, Oklahoma City, Antigua and Barbuda
757, Samuel, Thompson, Samuel.Thompson@5290.com, +1 423-555-5774, Fresno, Canada
758, Donald, Harris, Donald.Harris@9683.com, +1 790-555-4254, San Antonio, Australia
759, Scott, Robinson, Scott.Robinson@9077.com, +1 562-555-9258, Denver, Argentina
760, Matthew, Lopez, Matthew.Lopez@6321.com, +1 518-555-8571, Fresno, Chad
761, Brandon, Davis, Brandon.Davis@9551.com, +1 162-555-1251, Louisville, Cyprus
762, Stephen, Garcia, Stephen.Garcia@1064.com, +1 242-555-6094, Memphis, Afghanistan
763, Timothy, Hill, Timothy.Hill@2743.com, +1 695-555-6650, San Jose, Comoros
764, Jacob, Anderson, Jacob.Anderson@5374.com, +1 254-555-1014, Nashville, Congo (Congo-Brazzaville)
765, Jerry, Walker, Jerry.Walker@6692.com, +1 293-555-7961, Portland, Angola
766, Paul, Miller, Paul.Miller@3811.com, +1 956-555-6717, Raleigh, Argentina
767, Donald, Evans, Donald.Evans@6039.com, +1 870-555-4724, Chicago, Algeria
768, Charles, Young, Charles.Young@1544.com, +1 749-555-4026, Louisville, Czechia (Czech Republic)
769, William, Torres, William.Torres@1007.com, +1 867-555-1747, Boston, Antigua and Barbuda
770, Joseph, Nelson, Joseph.Nelson@4861.com, +1 192-555-8148, Houston, Armenia
771, Ronald, King, Ronald.King@2905.com, +1 997-555-7953, Minneapolis, Afghanistan
772, Mark, Torres, Mark.Torres@9801.com, +1 617-555-5204, New York, Democratic Republic of the Congo
773, Charles, Adams, Charles.Adams@5069.com, +1 323-555-1184, Atlanta, Burundi
774, Brandon, Hall, Brandon.Hall@8034.com, +1 789-555-9717, Tampa, Belgium
775, Daniel, Ramirez, Daniel.Ramirez@7077.com, +1 213-555-5042, Dallas, Belarus
776, Jack, Adams, Jack.Adams@3071.com, +1 179-555-6850, Wichita, Dominica
777, Christopher, Scott, Christopher.Scott@5972.com, +1 543-555-6432, Houston, Brunei
778, Stephen, Martin, Stephen.Martin@8363.com, +1 114-555-8113, Mesa, Albania
779, Andrew, Robinson, Andrew.Robinson@2197.com, +1 740-555-1454, Dallas, Angola
780, Charles, Brown, Charles.Brown@6867.com, +1 415-555-7581, Jacksonville, Algeria
781, Edward, Turner, Edward.Turner@3361.com, +1 269-555-5879, Wichita, Cambodia
782, Frank, Evans, Frank.Evans@2455.com, +1 416-555-4111, Louisville, Bolivia
783, Robert, Thompson, Robert.Thompson@2264.com, +1 499-555-7800, Las Vegas, Bangladesh
784, Jeffrey, Miller, Jeffrey.Miller@7878.com, +1 692-555-2157, Minneapolis, Bosnia and Herzegovina
785, Jason, Taylor, Jason.Taylor@4520.com, +1 902-555-9563, Baltimore, Chad
786, Gregory, Thompson, Gregory.Thompson@1637.com, +1 605-555-8280, Atlanta, Benin
787, Benjamin, Perez, Benjamin.Perez@4818.com, +1 514-555-8820, Charlotte, Chad
788, Christopher, Walker, Christopher.Walker@3137.com, +1 884-555-7343, Las Vegas, Bahamas
789, Justin, White, Justin.White@1382.com, +1 312-555-8192, Austin, Azerbaijan
790, Anthony, Walker, Anthony.Walker@2482.com, +1 633-555-1226, Dallas, Antigua and Barbuda
791, Daniel, King, Daniel.King@1517.com, +1 459-555-2118, Nashville, Benin
792, Richard, White, Richard.White@7633.com, +1 772-555-2755, Oklahoma City, Bulgaria
793, Samuel, Allen, Samuel.Allen@2053.com, +1 376-555-5212, Houston, Antigua and Barbuda
794, William, Jones, William.Jones@7782.com, +1 704-555-5583, Charlotte, Chad
795, Patrick, Lopez, Patrick.Lopez@5896.com, +1 498-555-5591, Dallas, Chad
796, Frank, Anderson, Frank.Anderson@1150.com, +1 422-555-3329, Virginia Beach, Denmark
797, Kevin, Wilson, Kevin.Wilson@9224.com, +1 189-555-1880, Los Angeles, Belarus
798, Andrew, Clark, Andrew.Clark@9449.com, +1 660-555-2081, Albuquerque, Cuba
799, Frank, Clark, Frank.Clark@6733.com, +1 904-555-4804, Phoenix, Colombia
800, William, Lee, William.Lee@3101.com, +1 773-555-5845, Las Vegas, Central African Republic
801, Frank, Hall, Frank.Hall@9391.com, +1 937-555-8163, Long Beach, Burundi
802, Paul, Hernandez, Paul.Hernandez@2457.com, +1 806-555-3576, Tulsa, Bolivia
803, Patrick, Allen, Patrick.Allen@5896.com, +1 948-555-1976, Las Vegas, Andorra
804, Gary, Harris, Gary.Harris@1703.com, +1 195-555-2855, San Diego, Afghanistan
805, Brandon, Gonzalez, Brandon.Gonzalez@4549.com, +1 503-555-5894, Colorado Springs, Bahrain
806, Brandon, Torres, Brandon.Torres@2185.com, +1 534-555-7364, Phoenix, Dominica
807, Daniel, Davis, Daniel.Davis@7451.com, +1 243-555-7835, Indianapolis, Barbados
808, Kevin, Brown, Kevin.Brown@4600.com, +1 100-555-2449, Boston, Democratic Republic of the Congo
809, John, Wilson, John.Wilson@7326.com, +1 469-555-8030, San Antonio, Benin
810, Dennis, Hall, Dennis.Hall@8595.com, +1 662-555-8593, Atlanta, Cyprus
811, James, Thomas, James.Thomas@2681.com, +1 662-555-7267, Detroit, Belize
812, Kenneth, Jones, Kenneth.Jones@3717.com, +1 210-555-1218, Tucson, Azerbaijan
813, Thomas, Rodriguez, Thomas.Rodriguez@7736.com, +1 493-555-3273, Albuquerque, Democratic Republic of the Congo
814, Steven, Lopez, Steven.Lopez@7374.com, +1 657-555-8808, El Paso, Botswana
815, Dennis, Thomas, Dennis.Thomas@5143.com, +1 921-555-2998, Kansas City, Benin
816, Eric, Miller, Eric.Miller@9764.com, +1 288-555-9369, Oklahoma City, Cambodia
817, Robert, Anderson, Robert.Anderson@2416.com, +1 774-555-2957, Oakland, Democratic Republic of the Congo
818, Joshua, Anderson, Joshua.Anderson@2894.com, +1 143-555-3154, Columbus, Brunei
819, Jerry, Davis, Jerry.Davis@1154.com, +1 816-555-2928, Baltimore, Denmark
820, James, Clark, James.Clark@1473.com, +1 212-555-1072, Baltimore, Bolivia
821, Steven, Young, Steven.Young@3863.com, +1 163-555-1479, Sacramento, Cuba
822, Kenneth, Miller, Kenneth.Miller@7948.com, +1 124-555-9778, Miami, Benin
823, Gary, Williams, Gary.Williams@7003.com, +1 877-555-5865, San Diego, Denmark
824, Anthony, White, Anthony.White@4608.com, +1 808-555-8669, San Jose, Bolivia
825, Mark, Martin, Mark.Martin@8285.com, +1 838-555-7148, Tucson, Democratic Republic of the Congo
826, Nicholas, Anderson, Nicholas.Anderson@2831.com, +1 913-555-8460, Philadelphia, Costa Rica
827, Larry, Hall, Larry.Hall@8148.com, +1 595-555-6014, Miami, Afghanistan
828, Anthony, Garcia, Anthony.Garcia@4749.com, +1 396-555-2437, El Paso, Argentina
829, Brandon, Johnson, Brandon.Johnson@4776.com, +1 222-555-7796, Raleigh, Angola
830, David, Ramirez, David.Ramirez@8350.com, +1 911-555-9977, Dallas, Belize
831, Gary, Sanchez, Gary.Sanchez@3325.com, +1 966-555-5787, Dallas, Chad
832, Steven, Roberts, Steven.Roberts@2937.com, +1 332-555-8006, Dallas, Bosnia and Herzegovina
833, Patrick, Lopez, Patrick.Lopez@5053.com, +1 133-555-1007, Indianapolis, Andorra
834, Anthony, Martin, Anthony.Martin@3253.com, +1 488-555-6270, Phoenix, Angola
835, Brian, Smith, Brian.Smith@9958.com, +1 265-555-7320, Fresno, Brazil
836, Charles, Wilson, Charles.Wilson@5966.com, +1 715-555-1200, Charlotte, Central African Republic
837, George, Harris, George.Harris@7264.com, +1 251-555-5141, Columbus, Brazil
838, Jeffrey, Hall, Jeffrey.Hall@4855.com, +1 713-555-6545, Fort Worth, Cambodia
839, Nicholas, Jones, Nicholas.Jones@6378.com, +1 140-555-1318, Portland, Denmark
840, Jack, Carter, Jack.Carter@4408.com, +1 265-555-4689, El Paso, Armenia
841, Charles, Clark, Charles.Clark@8533.com, +1 233-555-3298, Portland, Central African Republic
842, George, Sanchez, George.Sanchez@2540.com, +1 412-555-7246, Columbus, Austria
843, Andrew, Adams, Andrew.Adams@1240.com, +1 656-555-5109, Boston, Barbados
844, Samuel, Scott, Samuel.Scott@1357.com, +1 167-555-4391, Oklahoma City, Dominica
845, Timothy, Green, Timothy.Green@8332.com, +1 284-555-7499, San Antonio, Burundi
846, Jacob, Thompson, Jacob.Thompson@9402.com, +1 330-555-2886, Long Beach, Afghanistan
847, Edward, Taylor, Edward.Taylor@5701.com, +1 544-555-5643, Fresno, Cambodia
848, Ronald, Adams, Ronald.Adams@7892.com, +1 379-555-8599, Fort Worth, Benin
849, Kenneth, Baker, Kenneth.Baker@3331.com, +1 112-555-3934, Colorado Springs, Barbados
850, Joseph, Hill, Joseph.Hill@7551.com, +1 543-555-6285, Fort Worth, Central African Republic
851, Matthew, Hall, Matthew.Hall@9360.com, +1 598-555-2187, Raleigh, Chile
852, Thomas, Adams, Thomas.Adams@1632.com, +1 809-555-5278, Philadelphia, Botswana
853, Christopher, Hill, Christopher.Hill@9274.com, +1 754-555-7969, Raleigh, Costa Rica
854, Andrew, Perez, Andrew.Perez@2082.com, +1 530-555-8015, Miami, Algeria
855, Frank, Scott, Frank.Scott@1808.com, +1 932-555-4051, San Jose, Chad
856, Ronald, Anderson, Ronald.Anderson@6777.com, +1 966-555-5563, Virginia Beach, Comoros
857, Dennis, Green, Dennis.Green@5848.com, +1 621-555-9338, New York, Cyprus
858, Mark, Wilson, Mark.Wilson@6203.com, +1 946-555-4260, Portland, Belize
859, Kenneth, Miller, Kenneth.Miller@3322.com, +1 227-555-1871, San Francisco, Costa Rica
860, Stephen, Roberts, Stephen.Roberts@3773.com, +1 758-555-1533, Sacramento, Chad
861, Nicholas, Lopez, Nicholas.Lopez@6782.com, +1 780-555-3207, Colorado Springs, Central African Republic
862, James, Lopez, James.Lopez@4151.com, +1 460-555-8543, Denver, Democratic Republic of the Congo
863, Stephen, Miller, Stephen.Miller@8811.com, +1 376-555-2534, San Jose, Brunei
864, Raymond, Wilson, Raymond.Wilson@3459.com, +1 236-555-3878, Milwaukee, Brazil
865, Ronald, Johnson, Ronald.Johnson@8608.com, +1 880-555-2118, Sacramento, Cambodia
866, Jason, Scott, Jason.Scott@3368.com, +1 827-555-6032, Milwaukee, Albania
867, Thomas, Green, Thomas.Green@6746.com, +1 301-555-4542, Phoenix, Burundi
868, Jason, Lee, Jason.Lee@3374.com, +1 838-555-3254, Wichita, Belarus
869, Brandon, Brown, Brandon.Brown@7975.com, +1 638-555-8982, Denver, Australia
870, Richard, Evans, Richard.Evans@5726.com, +1 287-555-4520, Minneapolis, Cyprus
871, Alexander, Davis, Alexander.Davis@2437.com, +1 812-555-2725, Minneapolis, Austria
872, Edward, Nelson, Edward.Nelson@7603.com, +1 924-555-8762, Arlington, Bulgaria
873, Steven, Young, Steven.Young@6200.com, +1 989-555-4566, Austin, Armenia
874, Joseph, Hall, Joseph.Hall@8569.com, +1 335-555-6522, Portland, Djibouti
875, Michael, Carter, Michael.Carter@3933.com, +1 471-555-1838, Albuquerque, Djibouti
876, Jacob, Lewis, Jacob.Lewis@6294.com, +1 880-555-5895, Louisville, Bhutan
877, Kenneth, Perez, Kenneth.Perez@2489.com, +1 830-555-5379, Virginia Beach, Czechia (Czech Republic)
878, Charles, Hernandez, Charles.Hernandez@9511.com, +1 821-555-6160, Baltimore, Armenia
879, Timothy, Anderson, Timothy.Anderson@8388.com, +1 717-555-2948, Detroit, Bulgaria
880, Kenneth, Taylor, Kenneth.Taylor@5100.com, +1 158-555-9503, Phoenix, Dominica
881, Alexander, Jackson, Alexander.Jackson@4301.com, +1 272-555-9908, Dallas, Czechia (Czech Republic)
882, Ronald, Jackson, Ronald.Jackson@7393.com, +1 927-555-7900, Fort Worth, Benin
883, David, Campbell, David.Campbell@1737.com, +1 926-555-1745, Long Beach, China
884, Benjamin, Jackson, Benjamin.Jackson@3833.com, +1 666-555-9644, San Francisco, Azerbaijan
885, Patrick, Torres, Patrick.Torres@1020.com, +1 604-555-4726, Arlington, Cabo Verde
886, Kenneth, Miller, Kenneth.Miller@4211.com, +1 362-555-1970, Tulsa, Afghanistan
887, Joshua, Lee, Joshua.Lee@8464.com, +1 992-555-4842, Memphis, Dominican Republic
888, Jerry, Lopez, Jerry.Lopez@5721.com, +1 802-555-8989, New York, Cambodia
889, Scott, Young, Scott.Young@4669.com, +1 249-555-4741, Jacksonville, Barbados
890, Kevin, Smith, Kevin.Smith@2981.com, +1 283-555-4766, Long Beach, Azerbaijan
891, Michael, Harris, Michael.Harris@2348.com, +1 273-555-8462, New Orleans, Austria
892, Thomas, Lewis, Thomas.Lewis@7740.com, +1 294-555-5943, Houston, Bangladesh
893, Charles, Mitchell, Charles.Mitchell@2288.com, +1 408-555-5562, Long Beach, Bolivia
894, Matthew, White, Matthew.White@1547.com, +1 291-555-1421, Oakland, Côte d'Ivoire
895, Benjamin, White, Benjamin.White@3809.com, +1 132-555-6476, Minneapolis, Czechia (Czech Republic)
896, George, Allen, George.Allen@5491.com, +1 383-555-4878, Mesa, Czechia (Czech Republic)
897, Kevin, Anderson, Kevin.Anderson@3583.com, +1 644-555-5609, Virginia Beach, Austria
898, Joseph, Baker, Joseph.Baker@9269.com, +1 880-555-8671, Dallas, Denmark
899, David, Davis, David.Davis@6235.com, +1 259-555-8294, Portland, Belarus
900, Paul, Perez, Paul.Perez@1592.com, +1 786-555-8070, San Francisco, Bolivia
901, Steven, Young, Steven.Young@9875.com, +1 337-555-8554, El Paso, Central African Republic
902, Mark, Brown, Mark.Brown@1502.com, +1 255-555-9782, El Paso, Chad
903, Jonathan, Clark, Jonathan.Clark@9940.com, +1 644-555-7680, Kansas City, Argentina
904, Stephen, Torres, Stephen.Torres@2752.com, +1 723-555-1642, Las Vegas, Bahamas
905, George, Jackson, George.Jackson@7020.com, +1 678-555-9056, Oakland, Colombia
906, Paul, King, Paul.King@8720.com, +1 180-555-9032, Portland, Dominican Republic
907, Dennis, Mitchell, Dennis.Mitchell@3326.com, +1 672-555-6052, Atlanta, Cambodia
908, Justin, Young, Justin.Young@2601.com, +1 843-555-8649, Mesa, Brunei
909, Benjamin, Anderson, Benjamin.Anderson@1550.com, +1 956-555-4930, Jacksonville, Australia
910, John, Mitchell, John.Mitchell@3726.com, +1 381-555-1858, San Diego, Denmark
911, Raymond, Thompson, Raymond.Thompson@1408.com, +1 199-555-1649, Long Beach, Botswana
912, Christopher, Moore, Christopher.Moore@5906.com, +1 507-555-1718, Memphis, Bhutan
913, Brandon, Torres, Brandon.Torres@8158.com, +1 657-555-9196, Detroit, Australia
914, George, Lopez, George.Lopez@7098.com, +1 496-555-1829, Seattle, Argentina
915, Anthony, Brown, Anthony.Brown@6117.com, +1 881-555-9597, New Orleans, Canada
916, Jerry, Clark, Jerry.Clark@4699.com, +1 191-555-5790, Minneapolis, Argentina
917, Matthew, Baker, Matthew.Baker@5228.com, +1 532-555-2709, Fresno, Antigua and Barbuda
918, Christopher, Robinson, Christopher.Robinson@5745.com, +1 235-555-1512, Kansas City, Benin
919, David, Jones, David.Jones@9615.com, +1 716-555-9090, Raleigh, Brunei
920, Kenneth, Rodriguez, Kenneth.Rodriguez@4346.com, +1 653-555-8244, Arlington, Djibouti
921, Dennis, Williams, Dennis.Williams@3558.com, +1 624-555-4841, Milwaukee, Afghanistan
922, Thomas, Thompson, Thomas.Thompson@1496.com, +1 934-555-9547, Albuquerque, Cabo Verde
923, Paul, Davis, Paul.Davis@5706.com, +1 567-555-2170, Los Angeles, Costa Rica
924, Ronald, Rodriguez, Ronald.Rodriguez@2037.com, +1 929-555-5995, New Orleans, Botswana
925, Anthony, Scott, Anthony.Scott@1743.com, +1 400-555-9111, Fresno, Central African Republic
926, Eric, Walker, Eric.Walker@9603.com, +1 591-555-7650, Nashville, Bahamas
927, Timothy, Phillips, Timothy.Phillips@1035.com, +1 528-555-4133, Houston, Barbados
928, Scott, Taylor, Scott.Taylor@9980.com, +1 322-555-9208, Seattle, Dominican Republic
929, James, Phillips, James.Phillips@5001.com, +1 775-555-5241, Charlotte, Bahamas
930, Richard, Hill, Richard.Hill@7451.com, +1 795-555-4291, Chicago, Bosnia and Herzegovina
931, Jacob, Nelson, Jacob.Nelson@5407.com, +1 736-555-3669, Raleigh, Bangladesh
932, Joseph, King, Joseph.King@7707.com, +1 961-555-9315, Nashville, Czechia (Czech Republic)
933, Thomas, Johnson, Thomas.Johnson@6703.com, +1 709-555-2715, Philadelphia, Bangladesh
934, William, Perez, William.Perez@3780.com, +1 411-555-7029, Tampa, Cabo Verde
935, Christopher, Davis, Christopher.Davis@3004.com, +1 371-555-9837, Tulsa, Barbados
936, Larry, Hall, Larry.Hall@4619.com, +1 507-555-9054, Houston, Azerbaijan
937, Christopher, Harris, Christopher.Harris@4049.com, +1 388-555-4168, Austin, Bhutan
938, Joseph, Brown, Joseph.Brown@8554.com, +1 618-555-3432, Seattle, Bahamas
939, Thomas, White, Thomas.White@3867.com, +1 647-555-2608, Wichita, Bhutan
940, Gregory, Nelson, Gregory.Nelson@4028.com, +1 410-555-1419, Tulsa, Bosnia and Herzegovina
941, Timothy, Carter, Timothy.Carter@9427.com, +1 125-555-5974, Nashville, Belgium
942, Brandon, Baker, Brandon.Baker@4360.com, +1 412-555-1173, Wichita, Central African Republic
943, Jason, Adams, Jason.Adams@8563.com, +1 379-555-3460, Oakland, Argentina
944, Joseph, King, Joseph.King@3871.com, +1 902-555-7827, Virginia Beach, Brunei
945, Daniel, Clark, Daniel.Clark@8888.com, +1 797-555-8858, San Diego, Cameroon
946, Nicholas, Jones, Nicholas.Jones@9838.com, +1 520-555-6739, Omaha, Chad
947, Matthew, Rodriguez, Matthew.Rodriguez@9203.com, +1 805-555-1746, Albuquerque, Bosnia and Herzegovina
948, Gregory, Brown, Gregory.Brown@6576.com, +1 587-555-4924, Austin, Albania
949, Gary, Miller, Gary.Miller@1198.com, +1 195-555-1351, Louisville, Djibouti
950, Justin, Walker, Justin.Walker@9104.com, +1 696-555-6719, Omaha, Belgium
951, Christopher, Carter, Christopher.Carter@4834.com, +1 832-555-1373, Seattle, Bolivia
952, John, Nelson, John.Nelson@4625.com, +1 383-555-5054, Dallas, Austria
953, Charles, Ramirez, Charles.Ramirez@2100.com, +1 954-555-7670, San Francisco, Brunei
954, Raymond, Anderson, Raymond.Anderson@3803.com, +1 805-555-6218, Boston, Angola
955, Daniel, Carter, Daniel.Carter@9343.com, +1 650-555-8557, Tampa, Cambodia
956, John, Baker, John.Baker@4940.com, +1 539-555-5290, Philadelphia, Antigua and Barbuda
957, William, Moore, William.Moore@9725.com, +1 202-555-3625, Raleigh, Burundi
958, Stephen, Anderson, Stephen.Anderson@5644.com, +1 931-555-2845, Raleigh, Côte d'Ivoire
959, Kenneth, Baker, Kenneth.Baker@3734.com, +1 551-555-3713, Los Angeles, Benin
960, Stephen, Garcia, Stephen.Garcia@4802.com, +1 746-555-6962, Oakland, Chad
961, Paul, Brown, Paul.Brown@7146.com, +1 450-555-7800, Atlanta, Belize
962, Kenneth, Wilson, Kenneth.Wilson@6980.com, +1 120-555-6838, Chicago, Armenia
963, Scott, King, Scott.King@2020.com, +1 856-555-2999, Louisville, Burkina Faso
964, Robert, Harris, Robert.Harris@6997.com, +1 228-555-4378, Minneapolis, Comoros
965, Daniel, Lee, Daniel.Lee@9975.com, +1 423-555-9091, Chicago, Andorra
966, Edward, Wright, Edward.Wright@7864.com, +1 170-555-6850, Oklahoma City, Antigua and Barbuda
967, Brian, Davis, Brian.Davis@2078.com, +1 782-555-4825, Phoenix, Belgium
968, Brandon, Garcia, Brandon.Garcia@7909.com, +1 760-555-4640, Memphis, Bahamas
969, Christopher, Davis, Christopher.Davis@7381.com, +1 482-555-7407, Milwaukee, Czechia (Czech Republic)
970, Jason, Johnson, Jason.Johnson@3333.com, +1 536-555-3477, Memphis, Botswana
971, Jonathan, Wright, Jonathan.Wright@1895.com, +1 123-555-4757, Tampa, Belarus
972, Christopher, Young, Christopher.Young@1134.com, +1 989-555-9109, Columbus, Cambodia
973, Scott, Harris, Scott.Harris@3581.com, +1 966-555-5596, Portland, Burundi
974, John, Moore, John.Moore@4534.com, +1 802-555-2669, Albuquerque, Congo (Congo-Brazzaville)
975, Kevin, Martin, Kevin.Martin@6356.com, +1 198-555-8295, Jacksonville, Belgium
976, Andrew, Lewis, Andrew.Lewis@6747.com, +1 931-555-8331, Denver, Democratic Republic of the Congo
977, Frank, King, Frank.King@3887.com, +1 182-555-6607, Nashville, Armenia
978, Dennis, Harris, Dennis.Harris@7507.com, +1 630-555-9982, Colorado Springs, Cameroon
979, Robert, Wilson, Robert.Wilson@2667.com, +1 835-555-2086, Columbus, Bolivia
980, David, Hall, David.Hall@2964.com, +1 465-555-5647, Las Vegas, Belgium
981, Andrew, Anderson, Andrew.Anderson@7256.com, +1 124-555-7453, Indianapolis, Dominican Republic
982, Eric, Clark, Eric.Clark@6740.com, +1 185-555-1377, Atlanta, Belgium
983, Gregory, Young, Gregory.Young@5711.com, +1 736-555-6712, El Paso, Dominican Republic
984, Mark, Thompson, Mark.Thompson@9114.com, +1 234-555-3137, Portland, Albania
985, Thomas, Williams, Thomas.Williams@5760.com, +1 684-555-5834, San Jose, Argentina
986, John, King, John.King@1193.com, +1 145-555-2097, Tulsa, Angola
987, Nicholas, Adams, Nicholas.Adams@4281.com, +1 301-555-2939, Albuquerque, Bulgaria
988, Mark, Jackson, Mark.Jackson@9870.com, +1 862-555-4782, San Jose, Bahrain
989, Joshua, Baker, Joshua.Baker@3434.com, +1 187-555-6493, Kansas City, Cyprus
990, Eric, Roberts, Eric.Roberts@9991.com, +1 415-555-2064, Louisville, Chile
991, Stephen, King, Stephen.King@1297.com, +1 779-555-5860, Indianapolis, Belgium
992, Charles, Harris, Charles.Harris@6460.com, +1 538-555-7395, New York, Cabo Verde
993, Steven, White, Steven.White@6441.com, +1 774-555-3244, Tulsa, Burundi
994, Paul, Sanchez, Paul.Sanchez@3381.com, +1 577-555-7655, Indianapolis, Burundi
995, Brandon, Hernandez, Brandon.Hernandez@3973.com, +1 351-555-8654, Indianapolis, Belize
996, Alexander, Adams, Alexander.Adams@1969.com, +1 267-555-8757, San Diego, Brazil
997, Frank, Campbell, Frank.Campbell@1188.com, +1 474-555-3620, Fresno, Democratic Republic of the Congo
998, Jacob, Baker, Jacob.Baker@5689.com, +1 396-555-7869, Jacksonville, Cambodia
999, Donald, Sanchez, Donald.Sanchez@6578.com, +1 965-555-8323, Tucson, Armenia
1000, James, Walker, James.Walker@5262.com, +1 502-555-4768, Indianapolis, Armenia
