CustomerID, FirstName, LastName, Email, Phone, City, Country
1, Thomas, Mitchell, Thomas.Mitchell@1991.com, +1 790-555-5632, Houston, Belgium
2, Donald, Taylor, Donald.Taylor@4427.com, +1 943-555-3068, San Jose, Angola
3, David, Davis, David.Davis@9045.com, +1 936-555-7004, Dallas, Bulgaria
4, Frank, Clark, Frank.Clark@6658.com, +1 115-555-2750, New York, Bhutan
5, Kenneth, Jones, Kenneth.Jones@4064.com, +1 424-555-2856, Dallas, Bolivia
6, Eric, Baker, Eric.Baker@5341.com, +1 236-555-6219, Phoenix, Central African Republic
7, Ronald, Johnson, Ronald.Johnson@8380.com, +1 654-555-1546, Las Vegas, Bangladesh
8, Samuel, Scott, Samuel.Scott@9030.com, +1 521-555-5083, Colorado Springs, Australia
9, Jerry, Hernandez, Jerry.Hernandez@5722.com, +1 189-555-4267, New Orleans, Botswana
10, Matthew, Harris, Matthew.Harris@7753.com, +1 154-555-4784, San Diego, Bosnia and Herzegovina
11, Samuel, Johnson, Samuel.Johnson@8064.com, +1 518-555-1938, Fresno, Brazil
12, Gary, Carter, Gary.Carter@6498.com, +1 923-555-6292, Houston, Colombia
13, Steven, Torres, Steven.Torres@9517.com, +1 180-555-5087, San Francisco, Albania
14, Jacob, Miller, Jacob.Miller@4565.com, +1 947-555-9783, Oklahoma City, Denmark
15, Brian, Adams, Brian.Adams@7880.com, +1 947-555-4472, Chicago, Benin
16, Joshua, Johnson, Joshua.Johnson@4182.com, +1 127-555-9314, Philadelphia, Australia
17, Steven, Clark, Steven.Clark@8159.com, +1 322-555-8442, Dallas, Chad
18, Richard, Thompson, Richard.Thompson@4730.com, +1 257-555-3886, Milwaukee, Costa Rica
19, Jeffrey, Hernandez, Jeffrey.Hernandez@6679.com, +1 802-555-6817, Denver, Cyprus
20, Brandon, Rodriguez, Brandon.Rodriguez@7004.com, +1 354-555-6443, Portland, Comoros
21, Brandon, Hill, Brandon.Hill@2254.com, +1 962-555-5171, Indianapolis, Afghanistan
22, Ryan, Clark, Ryan.Clark@2775.com, +1 656-555-2385, Las Vegas, Antigua and Barbuda
23, Thomas, King, Thomas.King@6261.com, +1 305-555-8763, Houston, Congo (Congo-Brazzaville)
24, William, Miller, William.Miller@9844.com, +1 270-555-7663, San Jose, Brunei
25, Patrick, Smith, Patrick.Smith@7739.com, +1 755-555-5523, Memphis, Belarus
26, Justin, Moore, Justin.Moore@9434.com, +1 730-555-6652, Oklahoma City, Cyprus
27, Edward, Phillips, Edward.Phillips@4127.com, +1 747-555-1219, Boston, Bolivia
28, Mark, Anderson, Mark.Anderson@8453.com, +1 448-555-7279, Minneapolis, Andorra
29, Robert, Davis, Robert.Davis@9087.com, +1 531-555-8039, Arlington, Burundi
30, Andrew, Martin, Andrew.Martin@5426.com, +1 335-555-4778, Kansas City, Bahrain
31, Andrew, Martinez, Andrew.Martinez@6394.com, +1 973-555-2663, Tampa, Brazil
32, Kevin, Mitchell, Kevin.Mitchell@3594.com, +1 316-555-2938, San Diego, Bulgaria
33, Dennis, Mitchell, Dennis.Mitchell@8285.com, +1 622-555-7613, Seattle, Barbados
34, Jerry, Lopez, Jerry.Lopez@4267.com, +1 558-555-2132, Raleigh, Bahrain
35, Gregory, Brown, Gregory.Brown@7310.com, +1 589-555-3777, San Diego, Albania
36, Kenneth, Green, Kenneth.Green@6397.com, +1 111-555-9858, Kansas City, Andorra
37, Steven, Lee, Steven.Lee@3740.com, +1 519-555-9918, Indianapolis, Botswana
38, Joshua, Wilson, Joshua.Wilson@1373.com, +1 902-555-3804, Colorado Springs, Belize
39, Thomas, Moore, Thomas.Moore@7648.com, +1 926-555-1023, Oklahoma City, Belgium
40, Brian, Ramirez, Brian.Ramirez@9930.com, +1 881-555-3198, Chicago, Bahrain
41, Dennis, Hall, Dennis.Hall@2358.com, +1 457-555-4033, San Francisco, Canada
42, Gregory, Wright, Gregory.Wright@7434.com, +1 665-555-2497, Philadelphia, Cyprus
43, Ronald, Wright, Ronald.Wright@2082.com, +1 161-555-2791, Memphis, Belize
44, George, Scott, George.Scott@4200.com, +1 507-555-8894, Los Angeles, China
45, Joshua, Adams, Joshua.Adams@9312.com, +1 131-555-1063, Oklahoma City, Armenia
46, Anthony, White, Anthony.White@2343.com, +1 330-555-6224, Columbus, Algeria
47, Jerry, Adams, Jerry.Adams@5650.com, +1 995-555-6618, New Orleans, Croatia
48, Dennis, Gonzalez, Dennis.Gonzalez@9119.com, +1 186-555-6487, Philadelphia, Canada
49, Jonathan, King, Jonathan.King@4691.com, +1 613-555-4900, Tulsa, Albania
50, Eric, Jackson, Eric.Jackson@8361.com, +1 688-555-9795, Tampa, Democratic Republic of the Congo
51, Eric, Carter, Eric.Carter@1486.com, +1 589-555-5324, Columbus, Burkina Faso
52, Joseph, Hernandez, Joseph.Hernandez@9996.com, +1 945-555-5886, Arlington, Denmark
53, Paul, Roberts, Paul.Roberts@5354.com, +1 244-555-1722, Kansas City, Brazil
54, Ryan, Torres, Ryan.Torres@3612.com, +1 788-555-1059, Mesa, Botswana
55, Anthony, Hernandez, Anthony.Hernandez@1882.com, +1 548-555-2750, Fort Worth, Democratic Republic of the Congo
56, Ronald, Williams, Ronald.Williams@9334.com, +1 303-555-8069, Baltimore, Algeria
57, Ryan, Hall, Ryan.Hall@2204.com, +1 482-555-6998, Baltimore, Cyprus
58, Thomas, Adams, Thomas.Adams@5627.com, +1 496-555-2821, Denver, Austria
59, Anthony, Nelson, Anthony.Nelson@9047.com, +1 145-555-7618, Indianapolis, Bhutan
60, Donald, Thompson, Donald.Thompson@2291.com, +1 686-555-4225, Louisville, Cameroon
61, Charles, Torres, Charles.Torres@8546.com, +1 652-555-1862, Arlington, Cameroon
62, Kenneth, Hall, Kenneth.Hall@9299.com, +1 912-555-6337, San Francisco, Côte d'Ivoire
63, Gary, Garcia, Gary.Garcia@3917.com, +1 185-555-8979, Virginia Beach, Croatia
64, Thomas, Mitchell, Thomas.Mitchell@9232.com, +1 682-555-9063, San Jose, Bosnia and Herzegovina
65, Eric, Phillips, Eric.Phillips@9836.com, +1 273-555-9058, Fresno, Bahrain
66, Joseph, Young, Joseph.Young@8015.com, +1 962-555-7012, Las Vegas, Botswana
67, Edward, Sanchez, Edward.Sanchez@1201.com, +1 836-555-2710, Louisville, Bangladesh
68, Larry, Thomas, Larry.Thomas@7943.com, +1 228-555-4342, Columbus, Belarus
69, Charles, Young, Charles.Young@6368.com, +1 820-555-1882, San Jose, Azerbaijan
70, Brian, Anderson, Brian.Anderson@2119.com, +1 640-555-9430, Las Vegas, Benin
71, Michael, Campbell, Michael.Campbell@7204.com, +1 121-555-5748, Phoenix, Cuba
72, Jonathan, Lopez, Jonathan.Lopez@2869.com, +1 420-555-1337, El Paso, Belgium
73, Edward, Perez, Edward.Perez@3278.com, +1 284-555-1414, San Jose, Armenia
74, Charles, Lewis, Charles.Lewis@5359.com, +1 603-555-1314, Portland, Chile
75, Joseph, Phillips, Joseph.Phillips@9877.com, +1 591-555-7405, Baltimore, Australia
76, Kevin, Gonzalez, Kevin.Gonzalez@7003.com, +1 120-555-6160, Denver, Argentina
77, Justin, Walker, Justin.Walker@2672.com, +1 234-555-7010, Tampa, Cameroon
78, Larry, Nelson, Larry.Nelson@6781.com, +1 698-555-9213, Portland, Bahamas
79, Anthony, Thompson, Anthony.Thompson@8899.com, +1 463-555-5716, New Orleans, China
80, Stephen, Torres, Stephen.Torres@9377.com, +1 753-555-2245, San Antonio, Cyprus
81, Samuel, Lee, Samuel.Lee@7780.com, +1 659-555-2946, Omaha, Dominican Republic
82, Paul, Davis, Paul.Davis@2851.com, +1 740-555-1927, Tucson, Brunei
83, Gary, Smith, Gary.Smith@2609.com, +1 774-555-9263, Indianapolis, Cyprus
84, Raymond, Gonzalez, Raymond.Gonzalez@9118.com, +1 934-555-9679, Baltimore, Canada
85, Jeffrey, Thompson, Jeffrey.Thompson@5365.com, +1 208-555-7761, Phoenix, Congo (Congo-Brazzaville)
86, Brian, Anderson, Brian.Anderson@2065.com, +1 916-555-4723, Las Vegas, Cyprus
87, Benjamin, Gonzalez, Benjamin.Gonzalez@8636.com, +1 452-555-1452, Fresno, Croatia
88, Jacob, Moore, Jacob.Moore@8941.com, +1 959-555-2278, Phoenix, Andorra
89, Brandon, Moore, Brandon.Moore@9935.com, +1 655-555-6435, Memphis, Democratic Republic of the Congo
90, Patrick, King, Patrick.King@7552.com, +1 809-555-4220, El Paso, Cuba
91, Scott, Davis, Scott.Davis@8370.com, +1 639-555-4938, Houston, Bosnia and Herzegovina
92, Benjamin, Garcia, Benjamin.Garcia@8319.com, +1 848-555-2368, Miami, Djibouti
93, Dennis, Campbell, Dennis.Campbell@4207.com, +1 392-555-4709, Dallas, Dominica
94, Jack, Adams, Jack.Adams@8198.com, +1 806-555-9863, Tucson, Bahamas
95, Scott, Smith, Scott.Smith@2883.com, +1 498-555-4371, Mesa, Burundi
96, Brandon, Perez, Brandon.Perez@7833.com, +1 626-555-7828, Memphis, Bangladesh
97, Samuel, Harris, Samuel.Harris@7559.com, +1 704-555-1703, New York, Canada
98, Kevin, Wright, Kevin.Wright@2181.com, +1 331-555-6971, Omaha, Cyprus
99, Joseph, Nelson, Joseph.Nelson@7214.com, +1 383-555-3366, Arlington, Australia
100, Mark, Jackson, Mark.Jackson@5164.com, +1 393-555-3634, Denver, Cambodia
