CustomerID, FirstName, LastName, Email, Phone, City, Country
1, Stephen, Nelson, Stephen.Nelson@8432.com, +1 897-555-3904, Milwaukee, Austria
2, Jason, Sanchez, Jason.Sanchez@9927.com, +1 866-555-2297, Oakland, Côte d'Ivoire
3, Stephen, Brown, Stephen.Brown@4324.com, +1 434-555-3891, Colorado Springs, Bahrain
4, David, Phillips, David.Phillips@3579.com, +1 723-555-7184, Detroit, Bulgaria
5, John, Thompson, John.Thompson@9137.com, +1 434-555-3998, Oklahoma City, Democratic Republic of the Congo
6, George, Roberts, George.Roberts@6754.com, +1 771-555-7180, Tucson, Austria
7, Kenneth, Turner, Kenneth.Turner@4443.com, +1 737-555-2404, Wichita, Bulgaria
8, Jerry, Wright, Jerry.Wright@5206.com, +1 137-555-9275, Arlington, Belize
9, Jack, Rodriguez, Jack.Rodriguez@2371.com, +1 184-555-7005, Philadelphia, China
10, Jeffrey, Hernandez, Jeffrey.Hernandez@1235.com, +1 866-555-7339, Memphis, Colombia
11, Daniel, Miller, Daniel.Miller@4192.com, +1 153-555-5442, Tucson, Botswana
12, Jeffrey, Adams, Jeffrey.Adams@6141.com, +1 916-555-3175, El Paso, Bhutan
13, Ronald, Jones, Ronald.Jones@5428.com, +1 369-555-3687, Fresno, Central African Republic
14, Justin, Baker, Justin.Baker@3733.com, +1 379-555-7486, Nashville, Côte d'Ivoire
15, Samuel, Rodriguez, Samuel.Rodriguez@6770.com, +1 879-555-9952, San Francisco, Croatia
16, Paul, Carter, Paul.Carter@2693.com, +1 721-555-4366, Detroit, Albania
17, Jonathan, Phillips, Jonathan.Phillips@1151.com, +1 103-555-3307, Mesa, Congo (Congo-Brazzaville)
18, David, Campbell, David.Campbell@7479.com, +1 186-555-5730, Omaha, Chad
19, Edward, Miller, Edward.Miller@4114.com, +1 520-555-2984, Philadelphia, Angola
20, Daniel, Thomas, Daniel.Thomas@2194.com, +1 867-555-9689, Tampa, Côte d'Ivoire
21, Gregory, Torres, Gregory.Torres@8242.com, +1 868-555-6124, Los Angeles, Belize
22, John, Evans, John.Evans@4468.com, +1 255-555-1240, Jacksonville, Czechia (Czech Republic)
23, John, Harris, John.Harris@1125.com, +1 421-555-3047, New York, Central African Republic
24, James, Robinson, James.Robinson@7634.com, +1 840-555-9007, Boston, Armenia
25, David, Anderson, David.Anderson@5440.com, +1 187-555-2642, Los Angeles, Croatia
26, Frank, Williams, Frank.Williams@5933.com, +1 356-555-2868, Los Angeles, Belgium
27, Thomas, Baker, Thomas.Baker@9434.com, +1 783-555-2243, Philadelphia, Brunei
28, Frank, Davis, Frank.Davis@4064.com, +1 862-555-7218, Columbus, Australia
29, Michael, Gonzalez, Michael.Gonzalez@6224.com, +1 960-555-9045, Seattle, Denmark
30, Gary, King, Gary.King@9574.com, +1 246-555-2674, El Paso, Botswana
31, Gary, Taylor, Gary.Taylor@2770.com, +1 227-555-2461, San Diego, Central African Republic
32, Andrew, White, Andrew.White@4384.com, +1 216-555-2267, Miami, Burundi
33, Charles, Taylor, Charles.Taylor@7279.com, +1 824-555-9930, Las Vegas, Belize
34, Dennis, Smith, Dennis.Smith@2688.com, +1 376-555-9147, Wichita, Benin
35, Paul, Wright, Paul.Wright@7395.com, +1 978-555-3936, Seattle, Cambodia
36, Robert, Perez, Robert.Perez@1407.com, +1 946-555-8417, Louisville, Armenia
37, Jacob, Hall, Jacob.Hall@9198.com, +1 972-555-7316, Colorado Springs, China
38, Gregory, Williams, Gregory.Williams@9767.com, +1 209-555-8265, Louisville, Albania
39, Jason, Allen, Jason.Allen@8852.com, +1 524-555-6732, Baltimore, Bangladesh
40, Nicholas, Gonzalez, Nicholas.Gonzalez@9429.com, +1 639-555-5356, Chicago, Croatia
41, Daniel, Lewis, Daniel.Lewis@6212.com, +1 729-555-4673, Las Vegas, Canada
42, Anthony, Nelson, Anthony.Nelson@4177.com, +1 246-555-4720, Tucson, Denmark
43, Christopher, Harris, Christopher.Harris@2606.com, +1 800-555-1313, Oakland, Dominican Republic
44, Michael, Robinson, Michael.Robinson@2903.com, +1 652-555-3079, Colorado Springs, Central African Republic
45, Ryan, Sanchez, Ryan.Sanchez@4655.com, +1 844-555-4707, Colorado Springs, Azerbaijan
46, Daniel, Scott, Daniel.Scott@3174.com, +1 846-555-1031, Nashville, Azerbaijan
47, Anthony, Gonzalez, Anthony.Gonzalez@3038.com, +1 213-555-3928, Fort Worth, Cyprus
48, Andrew, Gonzalez, Andrew.Gonzalez@7049.com, +1 423-555-2124, Tucson, Chile
49, Jason, Jackson, Jason.Jackson@7876.com, +1 419-555-4514, Phoenix, Azerbaijan
50, Matthew, Mitchell, Matthew.Mitchell@7464.com, +1 448-555-4658, Louisville, Cabo Verde
51, Jack, Martinez, Jack.Martinez@6664.com, +1 342-555-1952, Baltimore, Bangladesh
52, Larry, Sanchez, Larry.Sanchez@2645.com, +1 299-555-5873, Tucson, Argentina
53, Edward, Torres, Edward.Torres@3759.com, +1 139-555-8810, New Orleans, Australia
54, Jonathan, Evans, Jonathan.Evans@9708.com, +1 907-555-9560, San Diego, Barbados
55, Charles, Wilson, Charles.Wilson@4734.com, +1 714-555-3012, Detroit, Afghanistan
56, Jeffrey, Johnson, Jeffrey.Johnson@7433.com, +1 815-555-7391, Milwaukee, Cyprus
57, Daniel, Green, Daniel.Green@2697.com, +1 507-555-1465, Mesa, Armenia
58, Justin, Evans, Justin.Evans@4086.com, +1 649-555-4988, San Diego, Cuba
59, Patrick, Johnson, Patrick.Johnson@5868.com, +1 411-555-7245, Raleigh, Algeria
60, Jason, White, Jason.White@2127.com, +1 981-555-7580, El Paso, Andorra
61, Joshua, Martin, Joshua.Martin@2655.com, +1 710-555-4406, San Diego, Cuba
62, Alexander, Gonzalez, Alexander.Gonzalez@6445.com, +1 786-555-7662, Fort Worth, Argentina
63, Dennis, Miller, Dennis.Miller@2824.com, +1 182-555-7935, Raleigh, Colombia
64, George, Carter, George.Carter@6316.com, +1 337-555-3812, Tampa, Democratic Republic of the Congo
65, Raymond, Wright, Raymond.Wright@2880.com, +1 112-555-2789, Denver, Algeria
66, Timothy, Ramirez, Timothy.Ramirez@9066.com, +1 874-555-4945, Columbus, Central African Republic
67, Kenneth, Lopez, Kenneth.Lopez@7220.com, +1 712-555-7894, Indianapolis, Antigua and Barbuda
68, Mark, Baker, Mark.Baker@3282.com, +1 741-555-8318, San Francisco, Cameroon
69, Dennis, Scott, Dennis.Scott@3025.com, +1 969-555-9077, Virginia Beach, Bulgaria
70, Paul, Martin, Paul.Martin@9993.com, +1 660-555-4406, San Francisco, Djibouti
71, Michael, Miller, Michael.Miller@8125.com, +1 651-555-8512, Los Angeles, Bosnia and Herzegovina
72, Jeffrey, Adams, Jeffrey.Adams@3199.com, +1 817-555-9827, Baltimore, Chile
73, Jerry, Carter, Jerry.Carter@3071.com, +1 522-555-8487, Virginia Beach, Andorra
74, Kenneth, Martin, Kenneth.Martin@5061.com, +1 914-555-9572, Milwaukee, Belize
75, Steven, Smith, Steven.Smith@3820.com, +1 362-555-5201, Colorado Springs, Cabo Verde
76, George, Gonzalez, George.Gonzalez@4563.com, +1 346-555-3152, San Jose, Cambodia
77, Donald, Adams, Donald.Adams@8799.com, +1 329-555-6779, Detroit, Chad
78, Timothy, Ramirez, Timothy.Ramirez@7819.com, +1 263-555-4883, Dallas, Burundi
79, Ronald, Martin, Ronald.Martin@1819.com, +1 915-555-9081, Fort Worth, Afghanistan
80, Gregory, Hernandez, Gregory.Hernandez@3608.com, +1 158-555-9081, Detroit, Bhutan
81, Daniel, Robinson, Daniel.Robinson@8947.com, +1 864-555-6480, Memphis, Austria
82, Edward, Hernandez, Edward.Hernandez@8376.com, +1 543-555-3849, Chicago, Bhutan
83, Michael, Jones, Michael.Jones@1506.com, +1 936-555-3753, Las Vegas, Albania
84, David, Martin, David.Martin@6807.com, +1 916-555-5042, El Paso, Croatia
85, Stephen, Robinson, Stephen.Robinson@8018.com, +1 341-555-2860, Colorado Springs, Azerbaijan
86, William, Jackson, William.Jackson@9944.com, +1 698-555-7034, Milwaukee, Denmark
87, Jerry, Lewis, Jerry.Lewis@8622.com, +1 927-555-3684, Fort Worth, Chad
88, Jerry, Green, Jerry.Green@9449.com, +1 770-555-6219, Sacramento, Australia
89, Timothy, Clark, Timothy.Clark@2039.com, +1 119-555-1204, San Antonio, Bangladesh
90, Jack, Campbell, Jack.Campbell@6377.com, +1 369-555-4710, Indianapolis, Burkina Faso
91, Brandon, Evans, Brandon.Evans@7839.com, +1 786-555-3987, Columbus, Brazil
92, Paul, Hernandez, Paul.Hernandez@9462.com, +1 638-555-4511, Fort Worth, Djibouti
93, Alexander, Johnson, Alexander.Johnson@5366.com, +1 559-555-3437, Milwaukee, Bosnia and Herzegovina
94, Jason, Young, Jason.Young@6106.com, +1 759-555-6941, Omaha, Algeria
95, Raymond, Perez, Raymond.Perez@6499.com, +1 702-555-5912, Las Vegas, Democratic Republic of the Congo
96, Alexander, Roberts, Alexander.Roberts@8303.com, +1 386-555-4197, Nashville, Austria
97, Eric, Phillips, Eric.Phillips@5483.com, +1 816-555-4650, Jacksonville, Bosnia and Herzegovina
98, Brian, Davis, Brian.Davis@9399.com, +1 608-555-4405, Sacramento, Cambodia
99, Justin, Clark, Justin.Clark@9944.com, +1 516-555-6780, Jacksonville, Bosnia and Herzegovina
100, Raymond, Mitchell, Raymond.Mitchell@1869.com, +1 609-555-5521, New Orleans, Algeria
101, Robert, Hill, Robert.Hill@3664.com, +1 200-555-6374, Jacksonville, Cabo Verde
102, Ronald, King, Ronald.King@9186.com, +1 150-555-1385, Atlanta, Cambodia
103, Gary, Anderson, Gary.Anderson@5078.com, +1 843-555-8700, Albuquerque, Cyprus
104, Daniel, Johnson, Daniel.Johnson@9289.com, +1 876-555-6126, Fort Worth, Cabo Verde
105, Eric, Wright, Eric.Wright@6143.com, +1 934-555-8814, San Jose, Angola
106, James, Williams, James.Williams@1195.com, +1 658-555-4355, Arlington, Czechia (Czech Republic)
107, James, Hill, James.Hill@8232.com, +1 574-555-5623, Oklahoma City, Costa Rica
108, Patrick, Lewis, Patrick.Lewis@6486.com, +1 121-555-8276, Colorado Springs, Democratic Republic of the Congo
109, Eric, Robinson, Eric.Robinson@8881.com, +1 192-555-3091, Boston, Democratic Republic of the Congo
110, Frank, Lopez, Frank.Lopez@4344.com, +1 706-555-4117, Seattle, Cambodia
111, Eric, Jones, Eric.Jones@4724.com, +1 147-555-8581, Philadelphia, Comoros
112, John, Gonzalez, John.Gonzalez@9801.com, +1 322-555-1472, Miami, Bahamas
113, Samuel, Evans, Samuel.Evans@5908.com, +1 359-555-4420, Raleigh, China
114, Gary, Garcia, Gary.Garcia@4286.com, +1 719-555-7689, Wichita, Comoros
115, Andrew, Torres, Andrew.Torres@2431.com, +1 696-555-4183, Arlington, Bolivia
116, Scott, Clark, Scott.Clark@1667.com, +1 901-555-3046, Wichita, Bahamas
117, Samuel, Hill, Samuel.Hill@3626.com, +1 767-555-7503, Charlotte, Belize
118, Joseph, Robinson, Joseph.Robinson@2533.com, +1 461-555-2082, Louisville, Brunei
119, Daniel, Martinez, Daniel.Martinez@2790.com, +1 588-555-4773, Atlanta, Costa Rica
120, Matthew, Baker, Matthew.Baker@3436.com, +1 154-555-2741, Wichita, Bahrain
121, Gary, White, Gary.White@2931.com, +1 466-555-2716, Omaha, Canada
122, Kevin, Evans, Kevin.Evans@2875.com, +1 599-555-4435, Indianapolis, Bolivia
123, Edward, Davis, Edward.Davis@8806.com, +1 850-555-7920, Fort Worth, Dominica
124, Thomas, Turner, Thomas.Turner@3559.com, +1 556-555-9731, Los Angeles, Cabo Verde
125, Timothy, Campbell, Timothy.Campbell@6627.com, +1 665-555-3518, Colorado Springs, Armenia
126, James, Davis, James.Davis@9515.com, +1 248-555-5429, Miami, Canada
127, Anthony, Hall, Anthony.Hall@7705.com, +1 415-555-7278, Philadelphia, Bosnia and Herzegovina
128, Mark, Thomas, Mark.Thomas@9402.com, +1 309-555-4380, San Diego, Austria
129, Nicholas, Davis, Nicholas.Davis@5202.com, +1 479-555-3185, Colorado Springs, Bahamas
130, George, Hill, George.Hill@4377.com, +1 576-555-3393, Detroit, Czechia (Czech Republic)
131, Kevin, Turner, Kevin.Turner@7052.com, +1 133-555-5123, Baltimore, Australia
132, Richard, Moore, Richard.Moore@7753.com, +1 660-555-6644, Boston, Djibouti
133, Stephen, Sanchez, Stephen.Sanchez@7680.com, +1 445-555-3430, Tucson, Bahamas
134, Kevin, Thompson, Kevin.Thompson@8348.com, +1 106-555-9001, San Antonio, Argentina
135, Gary, Robinson, Gary.Robinson@8389.com, +1 901-555-3779, New Orleans, Bhutan
136, Scott, Robinson, Scott.Robinson@1604.com, +1 254-555-3772, Las Vegas, Djibouti
137, Edward, Walker, Edward.Walker@7788.com, +1 973-555-1815, Milwaukee, Bosnia and Herzegovina
138, Jerry, Brown, Jerry.Brown@2963.com, +1 450-555-7608, Sacramento, Benin
139, Jonathan, Sanchez, Jonathan.Sanchez@4906.com, +1 966-555-9576, Austin, Costa Rica
140, Matthew, Thompson, Matthew.Thompson@8512.com, +1 411-555-4939, Las Vegas, Chile
141, Donald, Harris, Donald.Harris@3835.com, +1 951-555-4357, Los Angeles, Czechia (Czech Republic)
142, Larry, Anderson, Larry.Anderson@3485.com, +1 254-555-7211, San Diego, Benin
143, Charles, Sanchez, Charles.Sanchez@5030.com, +1 179-555-8074, Milwaukee, Barbados
144, Charles, Green, Charles.Green@5228.com, +1 284-555-3372, Denver, Angola
145, Jack, Scott, Jack.Scott@2723.com, +1 548-555-6836, Houston, Belize
146, Raymond, Anderson, Raymond.Anderson@5170.com, +1 922-555-5283, Long Beach, Andorra
147, Timothy, Hall, Timothy.Hall@4596.com, +1 951-555-8398, Austin, Cyprus
148, Charles, Phillips, Charles.Phillips@2556.com, +1 229-555-8694, Dallas, Chad
149, Joshua, Smith, Joshua.Smith@2567.com, +1 708-555-9925, Wichita, Burundi
150, Raymond, Torres, Raymond.Torres@7235.com, +1 864-555-7290, Mesa, Dominican Republic
151, Paul, Allen, Paul.Allen@1048.com, +1 570-555-3802, Baltimore, Cyprus
152, Samuel, Clark, Samuel.Clark@8558.com, +1 797-555-8666, Milwaukee, Albania
153, Kenneth, Young, Kenneth.Young@7716.com, +1 190-555-4424, San Diego, Austria
154, Robert, Garcia, Robert.Garcia@5466.com, +1 840-555-3125, Boston, Bolivia
155, Scott, Carter, Scott.Carter@7032.com, +1 264-555-5192, Los Angeles, Afghanistan
156, Christopher, Allen, Christopher.Allen@5632.com, +1 559-555-6983, Oakland, China
157, David, Nelson, David.Nelson@7984.com, +1 249-555-8913, Sacramento, Botswana
158, Christopher, Scott, Christopher.Scott@9145.com, +1 299-555-6506, Jacksonville, Comoros
159, Frank, Williams, Frank.Williams@7122.com, +1 131-555-3597, El Paso, Dominica
160, Timothy, King, Timothy.King@1195.com, +1 856-555-9040, Oklahoma City, Cameroon
161, Paul, Gonzalez, Paul.Gonzalez@7639.com, +1 276-555-4564, Charlotte, Brunei
162, Mark, Turner, Mark.Turner@8637.com, +1 379-555-2156, San Antonio, Dominican Republic
163, Steven, Lewis, Steven.Lewis@2490.com, +1 968-555-1234, Austin, Belarus
164, William, Martin, William.Martin@6583.com, +1 146-555-8704, Denver, Djibouti
165, Kenneth, Campbell, Kenneth.Campbell@7603.com, +1 135-555-1730, Virginia Beach, Democratic Republic of the Congo
166, David, Martin, David.Martin@9403.com, +1 719-555-5652, Milwaukee, Australia
167, Joseph, Moore, Joseph.Moore@6646.com, +1 274-555-5406, Chicago, Brazil
168, Brandon, Miller, Brandon.Miller@5316.com, +1 227-555-5445, Charlotte, Belarus
169, John, Torres, John.Torres@9774.com, +1 833-555-1053, Las Vegas, Dominican Republic
170, Anthony, Smith, Anthony.Smith@4006.com, +1 733-555-1083, Louisville, Cuba
171, Jack, Turner, Jack.Turner@3924.com, +1 572-555-6823, Austin, Argentina
172, Thomas, Brown, Thomas.Brown@7835.com, +1 487-555-1606, El Paso, Bangladesh
173, Richard, Phillips, Richard.Phillips@1812.com, +1 189-555-8142, Louisville, Croatia
174, Jonathan, Wright, Jonathan.Wright@9602.com, +1 126-555-1098, Houston, Burkina Faso
175, Jack, Davis, Jack.Davis@1837.com, +1 144-555-7322, New York, Angola
176, Paul, Taylor, Paul.Taylor@1990.com, +1 497-555-5525, Fort Worth, Brazil
177, Joseph, Robinson, Joseph.Robinson@5440.com, +1 811-555-6081, Memphis, Benin
178, Scott, Moore, Scott.Moore@9260.com, +1 719-555-6542, Fort Worth, Colombia
179, Donald, Taylor, Donald.Taylor@7226.com, +1 175-555-2639, Colorado Springs, Congo (Congo-Brazzaville)
180, Kevin, Jones, Kevin.Jones@9269.com, +1 659-555-6383, Miami, Croatia
181, Jonathan, Carter, Jonathan.Carter@5630.com, +1 362-555-7770, Houston, Angola
182, Thomas, Roberts, Thomas.Roberts@2595.com, +1 913-555-2389, Memphis, Denmark
183, Donald, Martin, Donald.Martin@4459.com, +1 976-555-6079, Columbus, Bangladesh
184, Steven, Miller, Steven.Miller@4264.com, +1 617-555-2771, Fresno, Cuba
185, Timothy, Turner, Timothy.Turner@3294.com, +1 736-555-2111, Dallas, Angola
186, Charles, Torres, Charles.Torres@4919.com, +1 261-555-1671, San Diego, Argentina
187, Thomas, Hill, Thomas.Hill@7429.com, +1 431-555-7535, Omaha, Democratic Republic of the Congo
188, Samuel, Phillips, Samuel.Phillips@9820.com, +1 577-555-3885, Oklahoma City, Central African Republic
189, Donald, Sanchez, Donald.Sanchez@7546.com, +1 733-555-1571, Fresno, Cyprus
190, Steven, Jones, Steven.Jones@5297.com, +1 414-555-2874, Albuquerque, Belize
191, Timothy, Martinez, Timothy.Martinez@6336.com, +1 675-555-9852, Tulsa, Chad
192, Dennis, Smith, Dennis.Smith@7773.com, +1 234-555-2869, Albuquerque, Dominica
193, Raymond, Mitchell, Raymond.Mitchell@3981.com, +1 268-555-6495, Oklahoma City, Cuba
194, Charles, Turner, Charles.Turner@9099.com, +1 950-555-2448, Louisville, Democratic Republic of the Congo
195, Benjamin, Roberts, Benjamin.Roberts@9294.com, +1 282-555-2749, Portland, Denmark
196, Jerry, Thompson, Jerry.Thompson@8748.com, +1 562-555-2696, Boston, Denmark
197, Mark, Baker, Mark.Baker@3542.com, +1 263-555-7998, Miami, Bulgaria
198, Jeffrey, Lewis, Jeffrey.Lewis@4956.com, +1 385-555-3015, San Diego, Dominican Republic
199, Edward, Lopez, Edward.Lopez@5350.com, +1 287-555-3918, Sacramento, Costa Rica
200, Raymond, Torres, Raymond.Torres@2509.com, +1 451-555-8812, Kansas City, Côte d'Ivoire
201, Ryan, Walker, Ryan.Walker@7871.com, +1 773-555-4253, Long Beach, Benin
202, Scott, Smith, Scott.Smith@7289.com, +1 304-555-2443, Wichita, Armenia
203, Daniel, Adams, Daniel.Adams@2472.com, +1 590-555-4409, Las Vegas, Burundi
204, Paul, Roberts, Paul.Roberts@7962.com, +1 931-555-7451, Milwaukee, Burundi
205, Nicholas, Phillips, Nicholas.Phillips@6437.com, +1 611-555-4286, Virginia Beach, Antigua and Barbuda
206, Frank, Sanchez, Frank.Sanchez@4209.com, +1 656-555-1130, Fort Worth, Albania
207, William, Lewis, William.Lewis@4043.com, +1 365-555-4129, New Orleans, Croatia
208, John, Wright, John.Wright@6679.com, +1 851-555-5904, Tucson, Cambodia
209, Jack, Johnson, Jack.Johnson@2191.com, +1 638-555-9639, Tampa, Belarus
210, Kenneth, Moore, Kenneth.Moore@1712.com, +1 111-555-8882, Los Angeles, Benin
211, Paul, Rodriguez, Paul.Rodriguez@8673.com, +1 195-555-4297, San Antonio, Bangladesh
212, James, Davis, James.Davis@6807.com, +1 155-555-8266, New Orleans, Cyprus
213, Alexander, Baker, Alexander.Baker@1221.com, +1 877-555-1422, Seattle, Bosnia and Herzegovina
214, Ronald, Martin, Ronald.Martin@7616.com, +1 571-555-9456, Tampa, Cyprus
215, Robert, Williams, Robert.Williams@6716.com, +1 134-555-3823, San Diego, Central African Republic
216, Steven, Williams, Steven.Williams@8136.com, +1 246-555-6753, Albuquerque, Bahrain
217, Andrew, Hill, Andrew.Hill@8968.com, +1 861-555-4307, San Antonio, Bulgaria
218, Nicholas, Lewis, Nicholas.Lewis@2518.com, +1 732-555-7959, Nashville, Czechia (Czech Republic)
219, Kevin, White, Kevin.White@2055.com, +1 424-555-8495, Chicago, Burkina Faso
220, William, Thompson, William.Thompson@4343.com, +1 632-555-4712, Las Vegas, Belarus
221, Scott, Mitchell, Scott.Mitchell@5022.com, +1 449-555-9261, Minneapolis, Costa Rica
222, John, Adams, John.Adams@3978.com, +1 785-555-4105, Tucson, Costa Rica
223, Kevin, Moore, Kevin.Moore@2522.com, +1 165-555-5270, Chicago, Comoros
224, Raymond, Perez, Raymond.Perez@1773.com, +1 713-555-4979, Louisville, Burkina Faso
225, Donald, Green, Donald.Green@1514.com, +1 245-555-3294, Jacksonville, Austria
226, Ryan, Hill, Ryan.Hill@8037.com, +1 112-555-5254, Long Beach, Bosnia and Herzegovina
227, George, Harris, George.Harris@5063.com, +1 271-555-4991, New Orleans, Bhutan
228, Anthony, Sanchez, Anthony.Sanchez@7375.com, +1 869-555-7587, Milwaukee, Chile
229, James, Nelson, James.Nelson@7846.com, +1 850-555-8996, Dallas, Algeria
230, Scott, Scott, Scott.Scott@3995.com, +1 833-555-5964, Wichita, Belarus
231, Nicholas, Jackson, Nicholas.Jackson@3754.com, +1 385-555-4918, Columbus, Antigua and Barbuda
232, William, Scott, William.Scott@1834.com, +1 750-555-2858, Dallas, Benin
233, Joseph, Adams, Joseph.Adams@4697.com, +1 734-555-2944, Phoenix, Antigua and Barbuda
234, Jacob, Torres, Jacob.Torres@9782.com, +1 821-555-2359, Nashville, China
235, Jonathan, Hall, Jonathan.Hall@9890.com, +1 523-555-3151, New Orleans, Bolivia
236, Jerry, Jones, Jerry.Jones@7018.com, +1 165-555-9951, Sacramento, Botswana
237, Michael, Scott, Michael.Scott@2490.com, +1 469-555-5224, San Diego, Argentina
238, Larry, Ramirez, Larry.Ramirez@1261.com, +1 414-555-7430, Fort Worth, Benin
239, Eric, Robinson, Eric.Robinson@3876.com, +1 509-555-2193, Houston, Dominican Republic
240, Ryan, Wright, Ryan.Wright@2296.com, +1 108-555-9091, Tampa, Algeria
241, Kevin, Torres, Kevin.Torres@2235.com, +1 674-555-6406, Detroit, Comoros
242, Michael, Nelson, Michael.Nelson@7104.com, +1 514-555-6939, Philadelphia, Burkina Faso
243, Gary, Green, Gary.Green@9825.com, +1 546-555-5908, Oklahoma City, Belgium
244, Andrew, Young, Andrew.Young@2726.com, +1 723-555-3159, Chicago, Azerbaijan
245, Patrick, Jones, Patrick.Jones@2528.com, +1 320-555-9416, Baltimore, Bulgaria
246, Ryan, Hernandez, Ryan.Hernandez@9173.com, +1 868-555-1145, San Antonio, Bangladesh
247, Jonathan, Scott, Jonathan.Scott@4192.com, +1 232-555-2888, Chicago, Australia
248, Stephen, Rodriguez, Stephen.Rodriguez@4900.com, +1 449-555-3090, Indianapolis, Australia
249, Stephen, Rodriguez, Stephen.Rodriguez@2473.com, +1 760-555-3390, Fresno, Bahamas
250, Donald, Clark, Donald.Clark@9408.com, +1 809-555-9558, Nashville, Central African Republic
251, Steven, Torres, Steven.Torres@1701.com, +1 444-555-4542, Portland, Bosnia and Herzegovina
252, Jeffrey, Lee, Jeffrey.Lee@7458.com, +1 922-555-2476, Los Angeles, Central African Republic
253, Andrew, Ramirez, Andrew.Ramirez@2649.com, +1 625-555-7219, Phoenix, Benin
254, Thomas, Young, Thomas.Young@5507.com, +1 632-555-4351, Tucson, Denmark
255, Scott, Lewis, Scott.Lewis@5198.com, +1 287-555-1177, San Antonio, Andorra
256, James, White, James.White@2315.com, +1 304-555-9723, Jacksonville, Colombia
257, Joseph, Thompson, Joseph.Thompson@1313.com, +1 994-555-8327, Indianapolis, Denmark
258, Ronald, Taylor, Ronald.Taylor@5885.com, +1 592-555-9988, Dallas, Barbados
259, Joseph, Adams, Joseph.Adams@9606.com, +1 630-555-5843, Omaha, Brazil
260, Scott, Baker, Scott.Baker@3284.com, +1 716-555-7415, Denver, Antigua and Barbuda
261, Ronald, Young, Ronald.Young@2078.com, +1 207-555-3217, Tampa, Democratic Republic of the Congo
262, Steven, Miller, Steven.Miller@1587.com, +1 199-555-9744, Memphis, Bahamas
263, Raymond, Lewis, Raymond.Lewis@8539.com, +1 909-555-2674, Las Vegas, Comoros
264, Donald, Baker, Donald.Baker@1264.com, +1 345-555-4749, Arlington, Denmark
265, Dennis, Jones, Dennis.Jones@3494.com, +1 365-555-5002, Columbus, Angola
266, Steven, Jones, Steven.Jones@4581.com, +1 386-555-5922, San Francisco, Cuba
267, Kenneth, Taylor, Kenneth.Taylor@5025.com, +1 789-555-2480, Boston, Bangladesh
268, Dennis, Hernandez, Dennis.Hernandez@2276.com, +1 345-555-6648, Oakland, Colombia
269, Ronald, Clark, Ronald.Clark@1452.com, +1 915-555-2197, San Francisco, Botswana
270, Robert, Garcia, Robert.Garcia@2203.com, +1 178-555-3685, Fort Worth, Cabo Verde
271, Robert, Martin, Robert.Martin@2603.com, +1 569-555-1480, Wichita, Burundi
272, Paul, Walker, Paul.Walker@9102.com, +1 850-555-2633, San Francisco, Comoros
273, Scott, Smith, Scott.Smith@8655.com, +1 903-555-6157, Kansas City, Belarus
274, Steven, Carter, Steven.Carter@3258.com, +1 604-555-1592, Nashville, Djibouti
275, Larry, Young, Larry.Young@7878.com, +1 848-555-5097, Arlington, Brazil
276, Paul, Walker, Paul.Walker@2459.com, +1 986-555-6805, New Orleans, Costa Rica
277, Matthew, Phillips, Matthew.Phillips@9104.com, +1 797-555-5377, Tucson, Comoros
278, Edward, Sanchez, Edward.Sanchez@9893.com, +1 820-555-3157, El Paso, Benin
279, Charles, Adams, Charles.Adams@4231.com, +1 733-555-2388, Louisville, Croatia
280, Jonathan, King, Jonathan.King@9382.com, +1 893-555-1946, Miami, Canada
281, Brandon, Johnson, Brandon.Johnson@4649.com, +1 513-555-1977, Jacksonville, Cabo Verde
282, Donald, Anderson, Donald.Anderson@9047.com, +1 646-555-3144, Sacramento, Bahamas
283, Jerry, Anderson, Jerry.Anderson@5106.com, +1 625-555-4032, Portland, Belarus
284, Joshua, Torres, Joshua.Torres@7061.com, +1 591-555-2561, Charlotte, Cuba
285, Joseph, Anderson, Joseph.Anderson@9587.com, +1 887-555-7241, Indianapolis, Cambodia
286, Donald, Hernandez, Donald.Hernandez@8944.com, +1 989-555-8258, Detroit, Chile
287, Eric, Turner, Eric.Turner@3970.com, +1 414-555-4846, Atlanta, Congo (Congo-Brazzaville)
288, Frank, Ramirez, Frank.Ramirez@2312.com, +1 977-555-6407, Tucson, Côte d'Ivoire
289, Brandon, Hernandez, Brandon.Hernandez@1222.com, +1 611-555-6228, Nashville, Burundi
290, Ronald, Miller, Ronald.Miller@5058.com, +1 259-555-6328, Phoenix, Chad
291, Dennis, Martinez, Dennis.Martinez@3942.com, +1 681-555-1563, Boston, Cambodia
292, George, Robinson, George.Robinson@5177.com, +1 591-555-5063, Oakland, Canada
293, Mark, Smith, Mark.Smith@4419.com, +1 635-555-8616, San Antonio, Bosnia and Herzegovina
294, Gary, Mitchell, Gary.Mitchell@6674.com, +1 663-555-4480, Las Vegas, Barbados
295, Steven, Torres, Steven.Torres@6682.com, +1 348-555-4914, Tucson, Bhutan
296, Kevin, Clark, Kevin.Clark@2343.com, +1 397-555-7500, Albuquerque, Dominican Republic
297, Joshua, Brown, Joshua.Brown@7477.com, +1 946-555-5899, Oakland, Chile
298, Kenneth, Roberts, Kenneth.Roberts@3789.com, +1 852-555-7608, Long Beach, Belgium
299, Edward, Davis, Edward.Davis@3269.com, +1 403-555-8361, Los Angeles, Bolivia
300, Timothy, Hall, Timothy.Hall@5350.com, +1 937-555-1892, San Francisco, Czechia (Czech Republic)
301, Brandon, Rodriguez, Brandon.Rodriguez@4401.com, +1 588-555-3727, Baltimore, Cameroon
302, Gregory, Scott, Gregory.Scott@8462.com, +1 687-555-6868, Oklahoma City, Benin
303, Kenneth, Smith, Kenneth.Smith@7477.com, +1 733-555-4996, Minneapolis, Czechia (Czech Republic)
304, Gary, White, Gary.White@8778.com, +1 561-555-5064, Detroit, Andorra
305, Scott, Williams, Scott.Williams@7426.com, +1 967-555-3048, Dallas, Costa Rica
306, Brandon, Mitchell, Brandon.Mitchell@9624.com, +1 625-555-7309, Phoenix, Chile
307, Steven, Roberts, Steven.Roberts@1267.com, +1 954-555-3037, El Paso, Canada
308, Andrew, Lopez, Andrew.Lopez@7567.com, +1 112-555-1028, New Orleans, Austria
309, Richard, Green, Richard.Green@1132.com, +1 409-555-6974, Philadelphia, Cabo Verde
310, Scott, Hernandez, Scott.Hernandez@6290.com, +1 593-555-6746, San Diego, Albania
311, Charles, Wilson, Charles.Wilson@9876.com, +1 415-555-6130, San Francisco, Albania
312, Alexander, Brown, Alexander.Brown@5437.com, +1 885-555-6089, Portland, Bahamas
313, Michael, Rodriguez, Michael.Rodriguez@8055.com, +1 310-555-5668, San Francisco, Bosnia and Herzegovina
314, Gregory, Smith, Gregory.Smith@2547.com, +1 422-555-2798, Wichita, Belgium
315, Steven, Johnson, Steven.Johnson@6505.com, +1 644-555-8239, Oakland, China
316, Donald, Adams, Donald.Adams@5903.com, +1 944-555-8929, Mesa, Central African Republic
317, Brandon, Walker, Brandon.Walker@6501.com, +1 638-555-5693, Austin, Colombia
318, Alexander, Scott, Alexander.Scott@7051.com, +1 786-555-5522, Seattle, Bangladesh
319, Benjamin, Jackson, Benjamin.Jackson@7082.com, +1 718-555-3094, Philadelphia, Dominican Republic
320, Christopher, Rodriguez, Christopher.Rodriguez@4036.com, +1 175-555-8159, Oklahoma City, Chad
321, Brandon, Green, Brandon.Green@1807.com, +1 675-555-3452, Long Beach, Cambodia
322, Kevin, Walker, Kevin.Walker@1092.com, +1 815-555-3883, Portland, Cuba
323, Brian, Allen, Brian.Allen@4645.com, +1 954-555-3761, San Antonio, Barbados
324, Justin, Johnson, Justin.Johnson@5624.com, +1 823-555-3831, Baltimore, Brunei
325, Eric, Davis, Eric.Davis@4706.com, +1 412-555-4202, Memphis, Chad
326, Frank, Moore, Frank.Moore@6215.com, +1 526-555-9373, Philadelphia, Argentina
327, Michael, Phillips, Michael.Phillips@4945.com, +1 115-555-2187, Houston, Austria
328, Jason, Lewis, Jason.Lewis@4531.com, +1 223-555-2078, Indianapolis, Croatia
329, James, Allen, James.Allen@8625.com, +1 288-555-7726, Mesa, Colombia
330, Edward, Taylor, Edward.Taylor@6091.com, +1 108-555-5851, Raleigh, Bahrain
331, Edward, Perez, Edward.Perez@4310.com, +1 633-555-7414, Raleigh, Dominica
332, Benjamin, Lopez, Benjamin.Lopez@3940.com, +1 172-555-4174, Tulsa, Canada
333, Gary, Lopez, Gary.Lopez@9177.com, +1 688-555-1640, New Orleans, Belize
334, Eric, Williams, Eric.Williams@7638.com, +1 462-555-3699, Louisville, Antigua and Barbuda
335, Justin, Scott, Justin.Scott@3212.com, +1 534-555-4663, Nashville, Dominican Republic
336, Patrick, Brown, Patrick.Brown@7279.com, +1 841-555-8761, San Jose, Central African Republic
337, Nicholas, Brown, Nicholas.Brown@4437.com, +1 576-555-3633, Long Beach, Democratic Republic of the Congo
338, Ryan, Anderson, Ryan.Anderson@6297.com, +1 467-555-7763, Oakland, Burkina Faso
339, Donald, Johnson, Donald.Johnson@6198.com, +1 449-555-6254, Omaha, Barbados
340, Andrew, Davis, Andrew.Davis@5253.com, +1 828-555-9035, Jacksonville, Azerbaijan
341, William, Perez, William.Perez@2129.com, +1 585-555-6419, Denver, Brunei
342, Gary, Clark, Gary.Clark@4592.com, +1 239-555-2517, Milwaukee, Chad
343, Michael, Nelson, Michael.Nelson@7212.com, +1 604-555-6307, El Paso, Bosnia and Herzegovina
344, Michael, Hernandez, Michael.Hernandez@4349.com, +1 220-555-1502, San Jose, Bahrain
345, Gregory, Harris, Gregory.Harris@7546.com, +1 165-555-5531, New York, Cabo Verde
346, Jack, White, Jack.White@6427.com, +1 145-555-5148, Tampa, Djibouti
347, Matthew, Phillips, Matthew.Phillips@1735.com, +1 634-555-8478, Philadelphia, Djibouti
348, David, Brown, David.Brown@6670.com, +1 491-555-7248, El Paso, Dominica
349, Jerry, Thomas, Jerry.Thomas@2845.com, +1 607-555-5055, Tampa, Democratic Republic of the Congo
350, Anthony, Wright, Anthony.Wright@7667.com, +1 386-555-2498, Phoenix, Australia
351, Joseph, Jackson, Joseph.Jackson@2440.com, +1 556-555-5230, Los Angeles, Dominica
352, Edward, Young, Edward.Young@8707.com, +1 903-555-7942, Fort Worth, Costa Rica
353, Samuel, Harris, Samuel.Harris@9852.com, +1 606-555-2295, Colorado Springs, Comoros
354, Frank, Martinez, Frank.Martinez@7681.com, +1 550-555-1771, Colorado Springs, Côte d'Ivoire
355, Benjamin, Thomas, Benjamin.Thomas@8014.com, +1 480-555-6381, Nashville, Canada
356, Patrick, Phillips, Patrick.Phillips@8973.com, +1 584-555-6781, Austin, Australia
357, Anthony, Hall, Anthony.Hall@2438.com, +1 328-555-3899, Detroit, Cambodia
358, Timothy, Campbell, Timothy.Campbell@8382.com, +1 574-555-4606, San Jose, Botswana
359, James, Jones, James.Jones@4624.com, +1 809-555-2391, Sacramento, Bosnia and Herzegovina
360, James, Scott, James.Scott@1922.com, +1 854-555-5301, Milwaukee, China
361, Jeffrey, Anderson, Jeffrey.Anderson@6738.com, +1 746-555-4958, San Antonio, Canada
362, Jack, Nelson, Jack.Nelson@4934.com, +1 708-555-3315, Albuquerque, Cabo Verde
363, Robert, Brown, Robert.Brown@7939.com, +1 525-555-1706, Tucson, Austria
364, Daniel, Miller, Daniel.Miller@7749.com, +1 468-555-3625, San Jose, Algeria
365, Justin, Jones, Justin.Jones@1860.com, +1 174-555-1656, Seattle, Central African Republic
366, Jerry, Davis, Jerry.Davis@9601.com, +1 429-555-4523, Raleigh, Belize
367, Gary, Jones, Gary.Jones@2192.com, +1 553-555-8215, Sacramento, Bahamas
368, Kenneth, Rodriguez, Kenneth.Rodriguez@9762.com, +1 444-555-9461, Colorado Springs, Cambodia
369, Ryan, Brown, Ryan.Brown@7985.com, +1 212-555-6125, Milwaukee, Andorra
370, Nicholas, Green, Nicholas.Green@9139.com, +1 629-555-2012, Nashville, Algeria
371, Raymond, Thomas, Raymond.Thomas@2850.com, +1 869-555-5623, San Antonio, Bahamas
372, Timothy, Baker, Timothy.Baker@5644.com, +1 399-555-3249, Baltimore, Djibouti
373, Samuel, Scott, Samuel.Scott@7361.com, +1 261-555-1417, Miami, Afghanistan
374, Andrew, Clark, Andrew.Clark@6323.com, +1 612-555-2390, Tucson, Australia
375, Jeffrey, Williams, Jeffrey.Williams@8295.com, +1 900-555-5928, Detroit, Azerbaijan
376, Brian, Jones, Brian.Jones@6029.com, +1 814-555-8569, Miami, Bangladesh
377, Benjamin, Brown, Benjamin.Brown@3852.com, +1 555-555-7647, Denver, Croatia
378, Raymond, Lopez, Raymond.Lopez@2226.com, +1 390-555-6982, San Diego, Argentina
379, Donald, Smith, Donald.Smith@3854.com, +1 649-555-6069, Fresno, Dominican Republic
380, Jacob, Wright, Jacob.Wright@7763.com, +1 115-555-6986, San Diego, Belgium
381, Edward, Johnson, Edward.Johnson@1903.com, +1 620-555-2794, San Francisco, Austria
382, Timothy, Thompson, Timothy.Thompson@3839.com, +1 722-555-6937, Virginia Beach, Burundi
383, Jacob, Miller, Jacob.Miller@9940.com, +1 431-555-5664, Chicago, Bhutan
384, Gregory, Anderson, Gregory.Anderson@4324.com, +1 670-555-6510, Detroit, Angola
385, Brandon, Anderson, Brandon.Anderson@5668.com, +1 475-555-2612, Phoenix, Austria
386, Alexander, Scott, Alexander.Scott@3933.com, +1 279-555-8183, San Francisco, Bhutan
387, Anthony, Martinez, Anthony.Martinez@7675.com, +1 583-555-4797, Baltimore, Azerbaijan
388, Andrew, Lopez, Andrew.Lopez@7392.com, +1 530-555-3033, Kansas City, Congo (Congo-Brazzaville)
389, Larry, Allen, Larry.Allen@1066.com, +1 458-555-6782, Omaha, Central African Republic
390, Gregory, Jackson, Gregory.Jackson@5561.com, +1 863-555-8493, Detroit, Cyprus
391, Benjamin, Allen, Benjamin.Allen@5748.com, +1 771-555-1970, Louisville, Burundi
392, Richard, Wright, Richard.Wright@6123.com, +1 411-555-3499, Mesa, Brunei
393, Patrick, Carter, Patrick.Carter@3711.com, +1 594-555-7466, Columbus, Croatia
394, Kenneth, Green, Kenneth.Green@9682.com, +1 464-555-8800, Minneapolis, Burkina Faso
395, Robert, Lee, Robert.Lee@1463.com, +1 825-555-9099, Memphis, Bahrain
396, Dennis, Wilson, Dennis.Wilson@5779.com, +1 473-555-5336, Oklahoma City, Bangladesh
397, James, Thompson, James.Thompson@7980.com, +1 333-555-7583, Raleigh, Chad
398, Ronald, Evans, Ronald.Evans@9564.com, +1 212-555-2141, Wichita, Comoros
399, Richard, Turner, Richard.Turner@4987.com, +1 754-555-6983, Los Angeles, Czechia (Czech Republic)
400, Matthew, Moore, Matthew.Moore@6965.com, +1 266-555-1715, Portland, China
401, Joseph, Scott, Joseph.Scott@3465.com, +1 622-555-6573, Dallas, Costa Rica
402, Scott, Walker, Scott.Walker@2509.com, +1 353-555-3394, Virginia Beach, Dominican Republic
403, Paul, Evans, Paul.Evans@3711.com, +1 813-555-6326, Tulsa, Croatia
404, Gregory, Gonzalez, Gregory.Gonzalez@7376.com, +1 205-555-1043, Phoenix, Albania
405, Mark, White, Mark.White@9934.com, +1 294-555-4752, San Diego, Brazil
406, Raymond, Davis, Raymond.Davis@6792.com, +1 664-555-3155, Philadelphia, Algeria
407, Steven, Walker, Steven.Walker@6098.com, +1 984-555-5733, Colorado Springs, Bahrain
408, Eric, Hill, Eric.Hill@2397.com, +1 122-555-4067, Dallas, Cyprus
409, Daniel, Anderson, Daniel.Anderson@3689.com, +1 946-555-9115, Denver, Angola
410, Joseph, Mitchell, Joseph.Mitchell@7891.com, +1 352-555-1092, Long Beach, Czechia (Czech Republic)
411, David, Jones, David.Jones@8137.com, +1 604-555-4718, Boston, Chile
412, Joseph, Torres, Joseph.Torres@5133.com, +1 499-555-6083, Tulsa, Bangladesh
413, David, Baker, David.Baker@5579.com, +1 581-555-7473, Denver, Côte d'Ivoire
414, Donald, Miller, Donald.Miller@2959.com, +1 928-555-2291, Louisville, Afghanistan
415, Alexander, Anderson, Alexander.Anderson@5339.com, +1 491-555-7621, Baltimore, Brunei
416, Richard, Jones, Richard.Jones@7455.com, +1 812-555-5718, Kansas City, Bosnia and Herzegovina
417, Ryan, Baker, Ryan.Baker@7620.com, +1 417-555-3059, Albuquerque, Bulgaria
418, John, Mitchell, John.Mitchell@1775.com, +1 699-555-6573, Milwaukee, Antigua and Barbuda
419, Paul, Lopez, Paul.Lopez@5488.com, +1 167-555-7639, Tampa, Armenia
420, William, Jackson, William.Jackson@1197.com, +1 912-555-7873, Sacramento, China
421, Matthew, Taylor, Matthew.Taylor@5471.com, +1 258-555-3428, Memphis, Albania
422, Brandon, Campbell, Brandon.Campbell@7481.com, +1 894-555-5728, Wichita, Barbados
423, David, Lee, David.Lee@9046.com, +1 700-555-8901, Milwaukee, Armenia
424, John, Clark, John.Clark@4646.com, +1 188-555-4515, Chicago, Côte d'Ivoire
425, Benjamin, Clark, Benjamin.Clark@8932.com, +1 787-555-4328, Boston, Algeria
426, Kenneth, Brown, Kenneth.Brown@6534.com, +1 367-555-2945, Denver, Afghanistan
427, Joseph, Clark, Joseph.Clark@2964.com, +1 267-555-1562, Fort Worth, Denmark
428, Benjamin, Harris, Benjamin.Harris@8179.com, +1 341-555-6035, Virginia Beach, Croatia
429, Jeffrey, King, Jeffrey.King@2633.com, +1 768-555-2255, San Jose, Bhutan
430, Kevin, Sanchez, Kevin.Sanchez@2548.com, +1 276-555-8400, Milwaukee, Angola
431, Andrew, Turner, Andrew.Turner@1708.com, +1 815-555-6036, Portland, Cameroon
432, Timothy, Allen, Timothy.Allen@5212.com, +1 267-555-4401, San Jose, Bangladesh
433, Ryan, Garcia, Ryan.Garcia@4664.com, +1 369-555-3722, Albuquerque, Cyprus
434, Michael, Lopez, Michael.Lopez@2398.com, +1 693-555-4386, Austin, Burkina Faso
435, Mark, Allen, Mark.Allen@4588.com, +1 492-555-7826, San Diego, Argentina
436, William, Taylor, William.Taylor@7800.com, +1 397-555-2103, Raleigh, Bosnia and Herzegovina
437, Benjamin, Robinson, Benjamin.Robinson@6714.com, +1 407-555-3142, San Francisco, Congo (Congo-Brazzaville)
438, Edward, Anderson, Edward.Anderson@3823.com, +1 425-555-5571, Tulsa, Colombia
439, Jerry, Scott, Jerry.Scott@9970.com, +1 516-555-2420, Columbus, Belarus
440, Ronald, Ramirez, Ronald.Ramirez@5070.com, +1 873-555-3817, Columbus, Bahrain
441, Larry, Jackson, Larry.Jackson@6192.com, +1 447-555-5161, Sacramento, Belgium
442, Donald, Wilson, Donald.Wilson@7876.com, +1 842-555-9372, Omaha, Angola
443, Donald, Johnson, Donald.Johnson@1490.com, +1 852-555-6762, Philadelphia, Chile
444, Patrick, Lopez, Patrick.Lopez@9575.com, +1 330-555-8358, Indianapolis, Australia
445, Brian, Moore, Brian.Moore@4850.com, +1 151-555-2935, Los Angeles, Chile
446, Donald, Jones, Donald.Jones@3591.com, +1 919-555-2504, San Diego, Cyprus
447, Paul, Green, Paul.Green@2702.com, +1 750-555-2475, Raleigh, Cameroon
448, Anthony, Walker, Anthony.Walker@9401.com, +1 475-555-5855, Long Beach, Brazil
449, Paul, Davis, Paul.Davis@1727.com, +1 641-555-6595, Arlington, Comoros
450, David, Williams, David.Williams@8589.com, +1 515-555-6845, New Orleans, Botswana
451, Dennis, Hall, Dennis.Hall@8614.com, +1 604-555-6015, Philadelphia, Czechia (Czech Republic)
452, Joshua, Wilson, Joshua.Wilson@7904.com, +1 302-555-8675, Wichita, Croatia
453, Benjamin, Ramirez, Benjamin.Ramirez@6615.com, +1 396-555-7963, Jacksonville, Chad
454, Daniel, Taylor, Daniel.Taylor@3556.com, +1 639-555-5419, Minneapolis, Botswana
455, Stephen, Davis, Stephen.Davis@5789.com, +1 669-555-1880, New York, Comoros
456, Charles, Hill, Charles.Hill@5180.com, +1 820-555-2765, Chicago, Bulgaria
457, Ryan, Hernandez, Ryan.Hernandez@9695.com, +1 787-555-9117, Tulsa, Argentina
458, Edward, Lee, Edward.Lee@3337.com, +1 500-555-3286, El Paso, Brazil
459, Joshua, Campbell, Joshua.Campbell@6853.com, +1 440-555-4769, Chicago, Dominican Republic
460, Ronald, Rodriguez, Ronald.Rodriguez@4652.com, +1 258-555-1354, Louisville, Chile
461, Donald, Garcia, Donald.Garcia@6396.com, +1 839-555-9119, Boston, Bahamas
462, Robert, Thomas, Robert.Thomas@8247.com, +1 500-555-2270, Tucson, Chad
463, Stephen, Wilson, Stephen.Wilson@3334.com, +1 990-555-2032, New Orleans, Congo (Congo-Brazzaville)
464, Timothy, Nelson, Timothy.Nelson@5959.com, +1 622-555-7921, El Paso, Central African Republic
465, Paul, Miller, Paul.Miller@7661.com, +1 627-555-8604, Minneapolis, Croatia
466, Jack, Evans, Jack.Evans@1829.com, +1 545-555-9394, Chicago, Bosnia and Herzegovina
467, Joshua, Lopez, Joshua.Lopez@7582.com, +1 299-555-4436, Atlanta, Algeria
468, Larry, Adams, Larry.Adams@6842.com, +1 381-555-1476, Las Vegas, Barbados
469, Andrew, Mitchell, Andrew.Mitchell@2803.com, +1 471-555-1647, Denver, Bahamas
470, Jason, Torres, Jason.Torres@3579.com, +1 396-555-1595, Fresno, Bahamas
471, Andrew, King, Andrew.King@7671.com, +1 903-555-3706, Columbus, Bosnia and Herzegovina
472, Robert, Davis, Robert.Davis@1466.com, +1 957-555-6120, Virginia Beach, Brazil
473, Benjamin, Brown, Benjamin.Brown@5383.com, +1 907-555-3048, Minneapolis, Central African Republic
474, Eric, Hernandez, Eric.Hernandez@4789.com, +1 992-555-6859, Sacramento, Brazil
475, William, Perez, William.Perez@2834.com, +1 970-555-5828, Albuquerque, Albania
476, Jack, Campbell, Jack.Campbell@7911.com, +1 124-555-2237, Portland, Austria
477, Jonathan, Sanchez, Jonathan.Sanchez@7268.com, +1 244-555-7015, Memphis, Australia
478, Timothy, Wright, Timothy.Wright@5009.com, +1 852-555-9355, Oklahoma City, Antigua and Barbuda
479, Brian, Scott, Brian.Scott@5375.com, +1 107-555-9308, Albuquerque, Cuba
480, Andrew, Allen, Andrew.Allen@6518.com, +1 119-555-9204, Tucson, Brazil
481, Donald, Hernandez, Donald.Hernandez@6506.com, +1 297-555-5492, Chicago, Belize
482, Stephen, Sanchez, Stephen.Sanchez@3784.com, +1 780-555-9292, Mesa, Bolivia
483, Alexander, Brown, Alexander.Brown@9612.com, +1 317-555-9413, Kansas City, Comoros
484, Christopher, Taylor, Christopher.Taylor@8496.com, +1 461-555-1570, Omaha, Belize
485, Andrew, Mitchell, Andrew.Mitchell@1306.com, +1 182-555-3189, Virginia Beach, Barbados
486, Alexander, Allen, Alexander.Allen@6778.com, +1 907-555-5830, Dallas, Bosnia and Herzegovina
487, Jonathan, Perez, Jonathan.Perez@1703.com, +1 761-555-7562, Dallas, Argentina
488, Timothy, Hill, Timothy.Hill@8418.com, +1 857-555-8662, Philadelphia, Albania
489, Charles, Campbell, Charles.Campbell@1161.com, +1 412-555-1800, Detroit, Albania
490, Frank, Brown, Frank.Brown@6394.com, +1 274-555-3504, New Orleans, Comoros
491, Benjamin, Thomas, Benjamin.Thomas@8602.com, +1 900-555-5339, Minneapolis, Bulgaria
492, Brandon, Young, Brandon.Young@3639.com, +1 743-555-4401, Charlotte, China
493, Andrew, Anderson, Andrew.Anderson@5184.com, +1 430-555-2407, Fort Worth, Algeria
494, Andrew, Roberts, Andrew.Roberts@9063.com, +1 717-555-6751, Baltimore, Cambodia
495, Scott, Miller, Scott.Miller@6665.com, +1 321-555-9605, Virginia Beach, Cuba
496, Eric, Wright, Eric.Wright@6112.com, +1 661-555-7548, Portland, China
497, Kenneth, Sanchez, Kenneth.Sanchez@2742.com, +1 562-555-4210, Denver, Bahamas
498, Gregory, Thomas, Gregory.Thomas@9877.com, +1 541-555-1448, Phoenix, Côte d'Ivoire
499, William, Williams, William.Williams@4230.com, +1 564-555-3557, Seattle, Belize
500, David, Martinez, David.Martinez@3216.com, +1 184-555-1231, Chicago, Brazil
501, Benjamin, Green, Benjamin.Green@5718.com, +1 803-555-3745, Minneapolis, Albania
502, James, Carter, James.Carter@8553.com, +1 573-555-9757, Arlington, Cameroon
503, Richard, Hill, Richard.Hill@7079.com, +1 160-555-9361, Jacksonville, Benin
504, Thomas, Anderson, Thomas.Anderson@1433.com, +1 475-555-9400, Memphis, Botswana
505, Jack, Green, Jack.Green@4941.com, +1 802-555-8954, Arlington, Belize
506, Mark, Thompson, Mark.Thompson@7558.com, +1 305-555-5828, Louisville, Costa Rica
507, Christopher, Allen, Christopher.Allen@2596.com, +1 223-555-4450, Tucson, Costa Rica
508, Steven, Taylor, Steven.Taylor@9361.com, +1 471-555-3510, New Orleans, Djibouti
509, Edward, Thompson, Edward.Thompson@3595.com, +1 367-555-6447, San Francisco, Dominica
510, Christopher, Ramirez, Christopher.Ramirez@6535.com, +1 905-555-1260, Denver, China
511, Donald, Wilson, Donald.Wilson@8694.com, +1 875-555-7188, Colorado Springs, Australia
512, Ronald, Brown, Ronald.Brown@5665.com, +1 525-555-9839, Oakland, Chad
513, Brandon, Robinson, Brandon.Robinson@1853.com, +1 446-555-9423, Fresno, Côte d'Ivoire
514, James, Lopez, James.Lopez@5172.com, +1 669-555-2723, Los Angeles, Armenia
515, Frank, Wright, Frank.Wright@1567.com, +1 981-555-8713, Colorado Springs, Czechia (Czech Republic)
516, Jason, Young, Jason.Young@1909.com, +1 398-555-7021, Milwaukee, Côte d'Ivoire
517, Timothy, Martin, Timothy.Martin@1843.com, +1 255-555-2722, San Jose, Andorra
518, Mark, Evans, Mark.Evans@6236.com, +1 670-555-2391, El Paso, Austria
519, Daniel, Roberts, Daniel.Roberts@9453.com, +1 775-555-3862, Seattle, Belize
520, Edward, Lopez, Edward.Lopez@5978.com, +1 227-555-3990, Houston, Cuba
521, Joshua, Rodriguez, Joshua.Rodriguez@7987.com, +1 861-555-6673, Chicago, Australia
522, Alexander, Martinez, Alexander.Martinez@4552.com, +1 238-555-4803, Minneapolis, Azerbaijan
523, Patrick, King, Patrick.King@3819.com, +1 258-555-8868, New Orleans, Bhutan
524, Steven, White, Steven.White@6611.com, +1 221-555-8249, Milwaukee, Brazil
525, Justin, Sanchez, Justin.Sanchez@3470.com, +1 142-555-6420, Omaha, Cameroon
526, Charles, Hill, Charles.Hill@3866.com, +1 949-555-2273, San Jose, Burundi
527, Frank, Brown, Frank.Brown@8327.com, +1 951-555-7051, Las Vegas, Dominican Republic
528, Kenneth, Smith, Kenneth.Smith@8044.com, +1 770-555-7465, Colorado Springs, Belgium
529, Paul, King, Paul.King@7594.com, +1 454-555-1121, Virginia Beach, Armenia
530, Ryan, Hill, Ryan.Hill@3322.com, +1 398-555-9870, Tulsa, Cyprus
531, William, Jones, William.Jones@2000.com, +1 670-555-7933, Oakland, Chile
532, Ronald, Sanchez, Ronald.Sanchez@3639.com, +1 807-555-3591, Colorado Springs, Cyprus
533, Eric, Jackson, Eric.Jackson@3970.com, +1 248-555-6884, Portland, Djibouti
534, Kevin, Wright, Kevin.Wright@5210.com, +1 690-555-7796, Boston, Argentina
535, Gregory, Carter, Gregory.Carter@1941.com, +1 871-555-8818, Kansas City, Azerbaijan
536, James, Brown, James.Brown@6262.com, +1 450-555-3333, Denver, Bangladesh
537, Kenneth, Martin, Kenneth.Martin@6560.com, +1 172-555-9312, Phoenix, Bulgaria
538, Kevin, Torres, Kevin.Torres@5489.com, +1 757-555-9947, Minneapolis, Australia
539, William, Jackson, William.Jackson@8605.com, +1 940-555-7204, Tucson, Brazil
540, David, Hernandez, David.Hernandez@7500.com, +1 915-555-7286, Memphis, Albania
541, Jack, Young, Jack.Young@6444.com, +1 855-555-9237, Charlotte, Algeria
542, Kenneth, Jones, Kenneth.Jones@1782.com, +1 856-555-8761, Denver, Afghanistan
543, Ronald, Johnson, Ronald.Johnson@7788.com, +1 123-555-3701, Austin, Chad
544, Stephen, Mitchell, Stephen.Mitchell@6958.com, +1 840-555-7599, Mesa, Cambodia
545, Brandon, Miller, Brandon.Miller@9701.com, +1 862-555-5977, Minneapolis, Bahrain
546, Michael, Scott, Michael.Scott@6147.com, +1 936-555-7523, Fort Worth, Brunei
547, Benjamin, Baker, Benjamin.Baker@8804.com, +1 316-555-7384, Chicago, Armenia
548, Robert, Moore, Robert.Moore@6271.com, +1 150-555-5644, San Francisco, Burkina Faso
549, Thomas, Ramirez, Thomas.Ramirez@5835.com, +1 490-555-7586, Oklahoma City, Afghanistan
550, Stephen, King, Stephen.King@9026.com, +1 580-555-3958, New Orleans, Denmark
551, David, Garcia, David.Garcia@4510.com, +1 707-555-1399, Jacksonville, Cambodia
552, Dennis, Torres, Dennis.Torres@4594.com, +1 319-555-6505, Tulsa, Bhutan
553, Raymond, Miller, Raymond.Miller@3342.com, +1 632-555-1500, Philadelphia, Denmark
554, Alexander, Lewis, Alexander.Lewis@4209.com, +1 563-555-5276, Boston, Central African Republic
555, Justin, Smith, Justin.Smith@9810.com, +1 522-555-1536, Virginia Beach, Chad
556, William, Perez, William.Perez@3170.com, +1 748-555-7539, New Orleans, Côte d'Ivoire
557, Gregory, Hall, Gregory.Hall@5032.com, +1 227-555-1038, Long Beach, Chad
558, Patrick, Harris, Patrick.Harris@6731.com, +1 914-555-7226, Miami, Cuba
559, Mark, Brown, Mark.Brown@8731.com, +1 578-555-7378, El Paso, Croatia
560, Justin, Walker, Justin.Walker@5260.com, +1 469-555-7889, Seattle, Azerbaijan
561, Frank, Smith, Frank.Smith@9101.com, +1 524-555-1272, Nashville, Azerbaijan
562, Raymond, Carter, Raymond.Carter@2243.com, +1 736-555-1695, Austin, Democratic Republic of the Congo
563, Gregory, Mitchell, Gregory.Mitchell@8237.com, +1 392-555-6392, Dallas, Cyprus
564, Matthew, Walker, Matthew.Walker@2532.com, +1 452-555-1785, Atlanta, Andorra
565, Edward, Roberts, Edward.Roberts@5307.com, +1 507-555-4583, Austin, Bhutan
566, Donald, Green, Donald.Green@1912.com, +1 482-555-2742, Tulsa, Cameroon
567, Donald, Nelson, Donald.Nelson@5189.com, +1 969-555-2523, Tulsa, Cambodia
568, Robert, Jones, Robert.Jones@2504.com, +1 330-555-2950, Minneapolis, Djibouti
569, Dennis, Miller, Dennis.Miller@6370.com, +1 360-555-8021, Baltimore, Benin
570, Nicholas, Lee, Nicholas.Lee@7590.com, +1 618-555-8067, Atlanta, Czechia (Czech Republic)
571, Brian, Roberts, Brian.Roberts@4801.com, +1 708-555-7613, Los Angeles, Dominican Republic
572, George, Young, George.Young@3034.com, +1 698-555-3797, Albuquerque, Central African Republic
573, William, Harris, William.Harris@6289.com, +1 174-555-5312, Las Vegas, Azerbaijan
574, Daniel, Hill, Daniel.Hill@5704.com, +1 207-555-6044, New York, Canada
575, Raymond, Sanchez, Raymond.Sanchez@4147.com, +1 790-555-1736, Arlington, Azerbaijan
576, Larry, Gonzalez, Larry.Gonzalez@5384.com, +1 965-555-4200, Austin, Comoros
577, Stephen, Thomas, Stephen.Thomas@6742.com, +1 116-555-3109, Louisville, Denmark
578, John, Mitchell, John.Mitchell@1322.com, +1 585-555-3342, Jacksonville, Burkina Faso
579, Brandon, Martin, Brandon.Martin@7803.com, +1 405-555-6087, San Antonio, China
580, Alexander, Allen, Alexander.Allen@6735.com, +1 301-555-6957, San Francisco, Brazil
581, Christopher, Martinez, Christopher.Martinez@1376.com, +1 378-555-8414, Omaha, Andorra
582, Alexander, Smith, Alexander.Smith@2134.com, +1 524-555-2250, Louisville, Bulgaria
583, Christopher, Smith, Christopher.Smith@1754.com, +1 193-555-3624, Tulsa, Azerbaijan
584, Larry, Roberts, Larry.Roberts@4175.com, +1 835-555-1313, New Orleans, Bahamas
585, Matthew, Brown, Matthew.Brown@4931.com, +1 587-555-4532, Columbus, Azerbaijan
586, Michael, White, Michael.White@3530.com, +1 831-555-7420, Milwaukee, Bangladesh
587, Michael, Gonzalez, Michael.Gonzalez@9155.com, +1 820-555-5642, Long Beach, Democratic Republic of the Congo
588, Charles, Perez, Charles.Perez@3966.com, +1 353-555-3376, Tampa, Canada
589, Jonathan, Ramirez, Jonathan.Ramirez@9182.com, +1 649-555-4285, Seattle, Barbados
590, Raymond, Thompson, Raymond.Thompson@5539.com, +1 136-555-6400, Sacramento, Albania
591, Paul, Martin, Paul.Martin@8185.com, +1 972-555-7479, San Francisco, Barbados
592, Daniel, Miller, Daniel.Miller@5553.com, +1 985-555-6613, Fort Worth, Barbados
593, Raymond, Campbell, Raymond.Campbell@4556.com, +1 916-555-3912, Sacramento, Dominican Republic
594, Kevin, Sanchez, Kevin.Sanchez@7522.com, +1 646-555-8047, Baltimore, Azerbaijan
595, Robert, Green, Robert.Green@7776.com, +1 314-555-7661, San Antonio, Benin
596, Dennis, Phillips, Dennis.Phillips@8647.com, +1 201-555-5608, Omaha, Brunei
597, Daniel, Torres, Daniel.Torres@5414.com, +1 339-555-1406, Wichita, Andorra
598, William, Miller, William.Miller@9134.com, +1 687-555-2878, Raleigh, Congo (Congo-Brazzaville)
599, Justin, Torres, Justin.Torres@2607.com, +1 439-555-3388, Atlanta, Brunei
600, Eric, King, Eric.King@3696.com, +1 974-555-9465, Las Vegas, Djibouti
601, George, Robinson, George.Robinson@1470.com, +1 507-555-5305, Fort Worth, Bahrain
602, Larry, Adams, Larry.Adams@6358.com, +1 829-555-2749, El Paso, Bosnia and Herzegovina
603, Nicholas, Miller, Nicholas.Miller@1171.com, +1 749-555-4721, Chicago, Brunei
604, Larry, Torres, Larry.Torres@3722.com, +1 801-555-6970, Jacksonville, Bolivia
605, Joshua, Thomas, Joshua.Thomas@1983.com, +1 302-555-9450, Fresno, Burundi
606, John, Green, John.Green@2346.com, +1 768-555-4449, Mesa, Algeria
607, Gregory, Davis, Gregory.Davis@1819.com, +1 288-555-6612, Dallas, Australia
608, William, Perez, William.Perez@7391.com, +1 675-555-1476, Philadelphia, Bahrain
609, Jonathan, Jackson, Jonathan.Jackson@7765.com, +1 359-555-9647, Albuquerque, Algeria
610, Christopher, Martinez, Christopher.Martinez@7871.com, +1 652-555-5277, Albuquerque, Andorra
611, Timothy, Thompson, Timothy.Thompson@6323.com, +1 505-555-7577, Raleigh, Canada
612, Kenneth, Johnson, Kenneth.Johnson@9954.com, +1 971-555-9523, Kansas City, Bahamas
613, Samuel, Jones, Samuel.Jones@9692.com, +1 271-555-7237, San Jose, Barbados
614, Brian, Clark, Brian.Clark@9936.com, +1 421-555-6855, Oklahoma City, China
615, Brian, Campbell, Brian.Campbell@5130.com, +1 268-555-2170, Portland, Bosnia and Herzegovina
616, Robert, Brown, Robert.Brown@5410.com, +1 584-555-9261, Los Angeles, Central African Republic
617, Dennis, Garcia, Dennis.Garcia@6359.com, +1 859-555-1198, Kansas City, Colombia
618, Gary, Phillips, Gary.Phillips@7999.com, +1 772-555-2505, Atlanta, Burkina Faso
619, Nicholas, White, Nicholas.White@1670.com, +1 298-555-1107, Columbus, Chile
620, Daniel, Harris, Daniel.Harris@5351.com, +1 146-555-1683, Miami, Cabo Verde
621, Donald, Taylor, Donald.Taylor@2964.com, +1 278-555-8552, New York, Djibouti
622, Robert, Scott, Robert.Scott@4497.com, +1 651-555-4669, Columbus, Cyprus
623, Jeffrey, Walker, Jeffrey.Walker@1239.com, +1 646-555-3875, Columbus, Australia
624, Brian, Young, Brian.Young@4729.com, +1 532-555-6638, Houston, Canada
625, Robert, Wright, Robert.Wright@8757.com, +1 220-555-4347, Louisville, Costa Rica
626, Mark, Hall, Mark.Hall@2426.com, +1 729-555-6745, Tucson, Austria
627, Jacob, King, Jacob.King@9692.com, +1 622-555-2649, Dallas, Belgium
628, Joseph, Gonzalez, Joseph.Gonzalez@1743.com, +1 547-555-5106, Philadelphia, Costa Rica
629, Jeffrey, Wilson, Jeffrey.Wilson@2020.com, +1 387-555-9382, San Antonio, Bosnia and Herzegovina
630, Jacob, Wright, Jacob.Wright@6772.com, +1 915-555-1859, Austin, Canada
631, Jeffrey, Wright, Jeffrey.Wright@2772.com, +1 487-555-7750, Portland, Cambodia
632, Jonathan, Lopez, Jonathan.Lopez@6038.com, +1 848-555-9666, Albuquerque, Cuba
633, Jeffrey, Young, Jeffrey.Young@3802.com, +1 533-555-2652, Houston, Comoros
634, Raymond, Williams, Raymond.Williams@5998.com, +1 228-555-6402, Oakland, Colombia
635, Christopher, Baker, Christopher.Baker@8793.com, +1 730-555-6502, Miami, Bahamas
636, Eric, King, Eric.King@8172.com, +1 389-555-9329, Phoenix, Canada
637, Joseph, Jones, Joseph.Jones@7690.com, +1 291-555-3779, Wichita, Cameroon
638, Richard, Clark, Richard.Clark@6773.com, +1 621-555-9052, Virginia Beach, Belarus
639, George, Ramirez, George.Ramirez@8645.com, +1 779-555-3189, Los Angeles, Croatia
640, Kenneth, Young, Kenneth.Young@4235.com, +1 410-555-1199, Baltimore, Bolivia
641, Benjamin, Turner, Benjamin.Turner@7288.com, +1 822-555-8487, Austin, Burkina Faso
642, Frank, Adams, Frank.Adams@2796.com, +1 801-555-6524, Raleigh, Andorra
643, Samuel, Perez, Samuel.Perez@6622.com, +1 560-555-8579, Oakland, Burundi
644, Eric, Torres, Eric.Torres@6216.com, +1 223-555-8381, El Paso, Burundi
645, Joseph, Rodriguez, Joseph.Rodriguez@4633.com, +1 981-555-9226, Tulsa, Costa Rica
646, Nicholas, Miller, Nicholas.Miller@2030.com, +1 731-555-6881, San Francisco, Bahamas
647, Jason, Williams, Jason.Williams@4126.com, +1 414-555-7173, Denver, Bahrain
648, Richard, Hall, Richard.Hall@3620.com, +1 244-555-4953, Charlotte, Comoros
649, Jeffrey, Lewis, Jeffrey.Lewis@8063.com, +1 325-555-2312, El Paso, Cabo Verde
650, Scott, Garcia, Scott.Garcia@7555.com, +1 492-555-8153, Austin, Chile
651, Paul, Lopez, Paul.Lopez@2389.com, +1 273-555-8571, Jacksonville, Bahrain
652, Robert, Walker, Robert.Walker@8454.com, +1 761-555-1020, Virginia Beach, Cabo Verde
653, David, Mitchell, David.Mitchell@4483.com, +1 695-555-4064, Jacksonville, Dominica
654, Kenneth, Green, Kenneth.Green@2228.com, +1 138-555-4551, San Antonio, Chile
655, Brian, Brown, Brian.Brown@4246.com, +1 994-555-8352, Tampa, Botswana
656, Patrick, Hall, Patrick.Hall@8100.com, +1 789-555-2279, New York, Cameroon
657, Dennis, Smith, Dennis.Smith@3403.com, +1 454-555-5649, Boston, Armenia
658, George, Thomas, George.Thomas@3661.com, +1 916-555-5199, Las Vegas, Australia
659, Patrick, Campbell, Patrick.Campbell@7112.com, +1 137-555-5674, Tucson, Botswana
660, Ronald, Scott, Ronald.Scott@4235.com, +1 660-555-3463, Kansas City, Botswana
661, Timothy, Anderson, Timothy.Anderson@3084.com, +1 820-555-1673, Arlington, Belize
662, Jerry, Taylor, Jerry.Taylor@1567.com, +1 379-555-6766, Columbus, Bahrain
663, Christopher, Campbell, Christopher.Campbell@7929.com, +1 822-555-4100, Minneapolis, Czechia (Czech Republic)
664, Matthew, Moore, Matthew.Moore@2417.com, +1 828-555-7420, Portland, Argentina
665, Thomas, Garcia, Thomas.Garcia@5238.com, +1 381-555-1691, New Orleans, Brunei
666, Jerry, Rodriguez, Jerry.Rodriguez@4732.com, +1 966-555-6537, Tulsa, Canada
667, Jacob, Lee, Jacob.Lee@3188.com, +1 803-555-8649, Kansas City, Brunei
668, Robert, Brown, Robert.Brown@7079.com, +1 630-555-8374, Tampa, Algeria
669, Thomas, Baker, Thomas.Baker@4580.com, +1 242-555-7688, Fresno, Croatia
670, Eric, Perez, Eric.Perez@2050.com, +1 828-555-6644, Wichita, Brunei
671, Scott, Thompson, Scott.Thompson@7365.com, +1 445-555-2880, Tucson, Cyprus
672, Brian, Thomas, Brian.Thomas@7790.com, +1 620-555-8943, Miami, Cambodia
673, Andrew, Wilson, Andrew.Wilson@3174.com, +1 849-555-5889, Arlington, Dominican Republic
674, Raymond, Williams, Raymond.Williams@3781.com, +1 868-555-1342, Kansas City, Cuba
675, George, Wright, George.Wright@5860.com, +1 546-555-1693, Los Angeles, Burkina Faso
676, Gregory, Campbell, Gregory.Campbell@1599.com, +1 416-555-9615, Mesa, Benin
677, Kevin, Gonzalez, Kevin.Gonzalez@5394.com, +1 454-555-7528, Raleigh, Belize
678, Joshua, Lewis, Joshua.Lewis@8439.com, +1 376-555-5292, Phoenix, Bulgaria
679, Patrick, Jones, Patrick.Jones@9003.com, +1 829-555-5472, Oklahoma City, Democratic Republic of the Congo
680, Jacob, Turner, Jacob.Turner@8424.com, +1 285-555-1124, Minneapolis, Burkina Faso
681, George, Harris, George.Harris@3829.com, +1 236-555-3904, Seattle, Denmark
682, James, Roberts, James.Roberts@3647.com, +1 357-555-8894, San Jose, Comoros
683, Michael, White, Michael.White@3602.com, +1 876-555-1594, Charlotte, Côte d'Ivoire
684, Jeffrey, Nelson, Jeffrey.Nelson@3970.com, +1 187-555-2567, Louisville, Bolivia
685, Michael, Taylor, Michael.Taylor@6788.com, +1 270-555-4002, Memphis, Angola
686, Daniel, Hernandez, Daniel.Hernandez@5160.com, +1 587-555-6301, Long Beach, Chile
687, Brandon, Evans, Brandon.Evans@5651.com, +1 600-555-9412, Mesa, Bolivia
688, Donald, Thomas, Donald.Thomas@2339.com, +1 370-555-2638, Fresno, Croatia
689, William, Miller, William.Miller@6521.com, +1 714-555-9613, San Diego, Albania
690, Jeffrey, King, Jeffrey.King@7231.com, +1 873-555-3853, Tulsa, Andorra
691, Timothy, Mitchell, Timothy.Mitchell@5854.com, +1 361-555-7309, Minneapolis, Bulgaria
692, Jonathan, Clark, Jonathan.Clark@9567.com, +1 395-555-7811, Nashville, Barbados
693, Jonathan, Hernandez, Jonathan.Hernandez@3911.com, +1 959-555-1294, Wichita, Cabo Verde
694, Richard, Wilson, Richard.Wilson@6956.com, +1 474-555-6018, Columbus, Albania
695, Dennis, Martinez, Dennis.Martinez@6267.com, +1 234-555-2849, Phoenix, Argentina
696, Matthew, Davis, Matthew.Davis@2433.com, +1 979-555-8921, Tampa, Andorra
697, Thomas, Mitchell, Thomas.Mitchell@4605.com, +1 791-555-8994, Kansas City, Chile
698, Jonathan, Allen, Jonathan.Allen@7830.com, +1 220-555-7622, Colorado Springs, Costa Rica
699, Nicholas, Walker, Nicholas.Walker@3702.com, +1 697-555-6158, Memphis, Andorra
700, Brian, Perez, Brian.Perez@3864.com, +1 938-555-8188, Louisville, Dominica
701, Richard, Gonzalez, Richard.Gonzalez@4448.com, +1 545-555-5638, Columbus, Congo (Congo-Brazzaville)
702, Nicholas, Clark, Nicholas.Clark@9693.com, +1 603-555-1050, Columbus, Angola
703, Paul, Harris, Paul.Harris@9007.com, +1 166-555-8506, Oakland, Bahamas
704, Gary, Allen, Gary.Allen@1814.com, +1 622-555-1928, New York, Central African Republic
705, Mark, Thompson, Mark.Thompson@3028.com, +1 447-555-1712, Los Angeles, Angola
706, David, Green, David.Green@6532.com, +1 201-555-7609, Baltimore, Cyprus
707, Paul, Baker, Paul.Baker@9812.com, +1 813-555-2569, San Jose, Bahrain
708, Joshua, White, Joshua.White@6584.com, +1 167-555-2256, San Francisco, Central African Republic
709, William, Brown, William.Brown@7169.com, +1 568-555-3233, Raleigh, Bosnia and Herzegovina
710, Stephen, Clark, Stephen.Clark@3718.com, +1 520-555-8237, Arlington, Brazil
711, Robert, White, Robert.White@3248.com, +1 851-555-5350, Omaha, Bahamas
712, Robert, Lopez, Robert.Lopez@1007.com, +1 208-555-3091, San Antonio, Australia
713, Kevin, Wright, Kevin.Wright@5908.com, +1 168-555-7983, Tulsa, Colombia
714, Gary, Ramirez, Gary.Ramirez@1777.com, +1 593-555-4489, Boston, Antigua and Barbuda
715, Ronald, Young, Ronald.Young@6296.com, +1 325-555-2408, Mesa, Chad
716, Gregory, Williams, Gregory.Williams@8766.com, +1 215-555-8029, Boston, Bolivia
717, George, Green, George.Green@4255.com, +1 441-555-3990, Detroit, Costa Rica
718, Matthew, Allen, Matthew.Allen@2320.com, +1 513-555-6070, Louisville, Central African Republic
719, Edward, Martin, Edward.Martin@6470.com, +1 625-555-2729, Tulsa, Bangladesh
720, Frank, Moore, Frank.Moore@8802.com, +1 363-555-1447, Sacramento, Central African Republic
721, Kenneth, King, Kenneth.King@6792.com, +1 926-555-3778, Chicago, Belgium
722, Paul, Lopez, Paul.Lopez@2435.com, +1 596-555-8476, San Jose, Azerbaijan
723, Alexander, Moore, Alexander.Moore@1455.com, +1 689-555-2767, San Francisco, Bulgaria
724, Dennis, Allen, Dennis.Allen@5221.com, +1 522-555-8161, Tampa, Cambodia
725, Charles, Rodriguez, Charles.Rodriguez@7841.com, +1 965-555-8415, Milwaukee, Colombia
726, Samuel, Smith, Samuel.Smith@7849.com, +1 819-555-1752, El Paso, Democratic Republic of the Congo
727, Nicholas, Clark, Nicholas.Clark@3919.com, +1 601-555-1517, Albuquerque, Bulgaria
728, Andrew, Ramirez, Andrew.Ramirez@6343.com, +1 130-555-2655, San Francisco, Angola
729, Joshua, Johnson, Joshua.Johnson@3795.com, +1 769-555-6916, San Francisco, Brunei
730, Gary, Torres, Gary.Torres@2488.com, +1 901-555-2780, Austin, Barbados
731, David, White, David.White@5367.com, +1 362-555-1766, Boston, Côte d'Ivoire
732, Larry, Baker, Larry.Baker@4529.com, +1 908-555-1143, Columbus, Burkina Faso
733, Thomas, Davis, Thomas.Davis@4061.com, +1 879-555-9165, Nashville, Brunei
734, Kevin, Walker, Kevin.Walker@6252.com, +1 133-555-5951, Fresno, Djibouti
735, Jeffrey, Phillips, Jeffrey.Phillips@3887.com, +1 920-555-5320, Minneapolis, Bahamas
736, Mark, King, Mark.King@8242.com, +1 915-555-5683, Minneapolis, Cyprus
737, Anthony, Young, Anthony.Young@1471.com, +1 271-555-1909, Tulsa, Australia
738, John, Rodriguez, John.Rodriguez@1435.com, +1 160-555-6959, Memphis, Bolivia
739, William, Smith, William.Smith@1394.com, +1 480-555-7411, San Diego, Cabo Verde
740, Mark, Jackson, Mark.Jackson@8468.com, +1 467-555-3331, Seattle, Central African Republic
741, Timothy, Anderson, Timothy.Anderson@2595.com, +1 518-555-8844, Virginia Beach, Djibouti
742, Larry, White, Larry.White@6727.com, +1 346-555-2354, Virginia Beach, Barbados
743, Jack, Davis, Jack.Davis@3100.com, +1 863-555-5316, San Antonio, Benin
744, Steven, Lee, Steven.Lee@3942.com, +1 799-555-7572, Oklahoma City, Bosnia and Herzegovina
745, Gary, Rodriguez, Gary.Rodriguez@2365.com, +1 929-555-8124, Denver, Bahrain
746, Gregory, Carter, Gregory.Carter@8443.com, +1 365-555-6499, Long Beach, Bosnia and Herzegovina
747, Paul, Lee, Paul.Lee@8930.com, +1 277-555-6314, Philadelphia, Australia
748, Jacob, Lopez, Jacob.Lopez@2092.com, +1 116-555-4590, Wichita, Cambodia
749, Brian, Clark, Brian.Clark@6885.com, +1 332-555-3354, New Orleans, Bhutan
750, Christopher, Roberts, Christopher.Roberts@2924.com, +1 548-555-8772, San Diego, Barbados
751, Justin, Baker, Justin.Baker@7663.com, +1 506-555-7332, Las Vegas, Bangladesh
752, Eric, Hill, Eric.Hill@5596.com, +1 425-555-1167, Milwaukee, Azerbaijan
753, David, Perez, David.Perez@6315.com, +1 704-555-5811, El Paso, Botswana
754, Timothy, Anderson, Timothy.Anderson@5994.com, +1 441-555-8797, Tulsa, Andorra
755, Justin, Walker, Justin.Walker@7381.com, +1 736-555-9305, Memphis, Cambodia
756, Justin, Taylor, Justin.Taylor@4457.com, +1 601-555-6859, Raleigh, Belarus
757, Nicholas, Sanchez, Nicholas.Sanchez@2495.com, +1 356-555-3616, Seattle, Bosnia and Herzegovina
758, Jason, Turner, Jason.Turner@4695.com, +1 480-555-4002, San Jose, Andorra
759, Brian, Smith, Brian.Smith@7973.com, +1 792-555-1538, Albuquerque, Algeria
760, Jeffrey, Campbell, Jeffrey.Campbell@7795.com, +1 741-555-4149, San Diego, Democratic Republic of the Congo
761, George, Hill, George.Hill@5044.com, +1 412-555-6440, San Jose, Croatia
762, Edward, White, Edward.White@9814.com, +1 456-555-8500, Louisville, Cuba
763, Justin, Anderson, Justin.Anderson@8478.com, +1 140-555-4774, Sacramento, Barbados
764, Paul, Robinson, Paul.Robinson@6630.com, +1 421-555-8540, San Jose, Armenia
765, Larry, Harris, Larry.Harris@7575.com, +1 672-555-4147, Portland, Chad
766, Stephen, Martin, Stephen.Martin@8049.com, +1 785-555-3133, Seattle, Dominican Republic
767, Kevin, Thomas, Kevin.Thomas@5021.com, +1 394-555-4656, Memphis, Croatia
768, Donald, Harris, Donald.Harris@9085.com, +1 226-555-6511, Minneapolis, Austria
769, Raymond, Allen, Raymond.Allen@6178.com, +1 274-555-9348, Dallas, Chile
770, Robert, Davis, Robert.Davis@8761.com, +1 704-555-6425, Memphis, Bhutan
771, Thomas, Carter, Thomas.Carter@8841.com, +1 918-555-6182, Austin, Bosnia and Herzegovina
772, Michael, Ramirez, Michael.Ramirez@4042.com, +1 844-555-9516, Fort Worth, Brunei
773, Mark, King, Mark.King@8098.com, +1 532-555-6865, New York, Cambodia
774, Christopher, Perez, Christopher.Perez@4669.com, +1 365-555-3342, Las Vegas, Brazil
775, Brandon, Baker, Brandon.Baker@7036.com, +1 542-555-1400, Wichita, Bahrain
776, Gregory, Lee, Gregory.Lee@5426.com, +1 364-555-8982, Dallas, Azerbaijan
777, Patrick, Anderson, Patrick.Anderson@5436.com, +1 218-555-7611, Portland, Bangladesh
778, Eric, Gonzalez, Eric.Gonzalez@8029.com, +1 311-555-9256, Tulsa, Congo (Congo-Brazzaville)
779, Benjamin, Walker, Benjamin.Walker@6234.com, +1 509-555-6898, Miami, Cuba
780, Steven, Lee, Steven.Lee@6894.com, +1 497-555-2937, Phoenix, Austria
781, Michael, King, Michael.King@9575.com, +1 901-555-9327, Austin, Algeria
782, Kenneth, Carter, Kenneth.Carter@2093.com, +1 536-555-6011, San Diego, Czechia (Czech Republic)
783, Jason, Wilson, Jason.Wilson@5920.com, +1 974-555-2582, Atlanta, Comoros
784, Michael, Carter, Michael.Carter@9578.com, +1 597-555-8325, El Paso, Chad
785, Larry, Garcia, Larry.Garcia@7968.com, +1 222-555-3886, Denver, Antigua and Barbuda
786, Joseph, Scott, Joseph.Scott@1228.com, +1 259-555-4749, Milwaukee, Cameroon
787, Kenneth, Smith, Kenneth.Smith@7151.com, +1 954-555-6701, San Antonio, Bosnia and Herzegovina
788, John, Wilson, John.Wilson@2018.com, +1 388-555-2714, Tampa, Democratic Republic of the Congo
789, Jeffrey, Mitchell, Jeffrey.Mitchell@6717.com, +1 276-555-3965, Omaha, Costa Rica
790, Edward, Mitchell, Edward.Mitchell@5791.com, +1 887-555-3735, New Orleans, Colombia
791, Edward, Brown, Edward.Brown@1582.com, +1 487-555-4436, Philadelphia, Colombia
792, Edward, Wright, Edward.Wright@8627.com, +1 993-555-2066, Memphis, China
793, Scott, Miller, Scott.Miller@9275.com, +1 770-555-7234, Fort Worth, Bangladesh
794, Paul, Rodriguez, Paul.Rodriguez@5852.com, +1 288-555-8494, Fresno, Brazil
795, Kevin, Lee, Kevin.Lee@7578.com, +1 863-555-6478, Seattle, Democratic Republic of the Congo
796, Joseph, King, Joseph.King@2135.com, +1 323-555-1642, Albuquerque, Denmark
797, Donald, Campbell, Donald.Campbell@3504.com, +1 896-555-5855, San Diego, Armenia
798, Matthew, Wright, Matthew.Wright@5837.com, +1 159-555-9016, Fresno, Bosnia and Herzegovina
799, Jason, Hill, Jason.Hill@8415.com, +1 843-555-1355, Arlington, Armenia
800, Joseph, Rodriguez, Joseph.Rodriguez@5110.com, +1 268-555-2591, Las Vegas, Bolivia
801, Steven, Scott, Steven.Scott@3766.com, +1 292-555-2782, Memphis, Cyprus
802, Jack, Smith, Jack.Smith@6163.com, +1 211-555-9772, Minneapolis, Afghanistan
803, Jacob, Johnson, Jacob.Johnson@9632.com, +1 291-555-3463, Raleigh, Brunei
804, Jeffrey, Johnson, Jeffrey.Johnson@7811.com, +1 809-555-4956, El Paso, Costa Rica
805, Kenneth, Lopez, Kenneth.Lopez@4841.com, +1 986-555-7508, Dallas, Andorra
806, Kevin, Clark, Kevin.Clark@6277.com, +1 733-555-3217, Dallas, Algeria
807, Joshua, Hall, Joshua.Hall@7285.com, +1 427-555-6389, Dallas, Argentina
808, Larry, White, Larry.White@6980.com, +1 235-555-7351, Albuquerque, Canada
809, Gary, Green, Gary.Green@4579.com, +1 535-555-1640, San Diego, Costa Rica
810, Joshua, Thomas, Joshua.Thomas@8978.com, +1 963-555-7201, Boston, Algeria
811, Kenneth, Taylor, Kenneth.Taylor@9832.com, +1 414-555-7732, Charlotte, Congo (Congo-Brazzaville)
812, Jeffrey, Scott, Jeffrey.Scott@7591.com, +1 633-555-1324, Fort Worth, Afghanistan
813, Ryan, King, Ryan.King@4887.com, +1 667-555-6661, San Francisco, Brunei
814, Andrew, Rodriguez, Andrew.Rodriguez@1487.com, +1 690-555-4874, Columbus, Dominica
815, Richard, Martinez, Richard.Martinez@3723.com, +1 752-555-5216, Atlanta, Belarus
816, Jack, Wilson, Jack.Wilson@7307.com, +1 995-555-4198, Baltimore, Central African Republic
817, Jacob, Taylor, Jacob.Taylor@5205.com, +1 810-555-1790, Albuquerque, Chad
818, Donald, Harris, Donald.Harris@6724.com, +1 346-555-7206, Colorado Springs, Comoros
819, Justin, Gonzalez, Justin.Gonzalez@3219.com, +1 369-555-5003, Portland, Chile
820, Michael, Lewis, Michael.Lewis@2177.com, +1 342-555-8801, Tucson, Central African Republic
821, Jacob, King, Jacob.King@3948.com, +1 965-555-4725, Nashville, Afghanistan
822, Paul, Robinson, Paul.Robinson@2111.com, +1 821-555-9225, New Orleans, Comoros
823, Edward, Allen, Edward.Allen@3125.com, +1 775-555-8618, Milwaukee, Denmark
824, Brian, Robinson, Brian.Robinson@5385.com, +1 544-555-9355, Oklahoma City, Belgium
825, John, Campbell, John.Campbell@6915.com, +1 655-555-1659, Philadelphia, Azerbaijan
826, Michael, Lewis, Michael.Lewis@2812.com, +1 961-555-9818, Los Angeles, Congo (Congo-Brazzaville)
827, Kevin, Anderson, Kevin.Anderson@7886.com, +1 959-555-1386, Fresno, Cyprus
828, Gary, Thompson, Gary.Thompson@6927.com, +1 164-555-1758, Mesa, Afghanistan
829, David, Young, David.Young@8615.com, +1 725-555-6364, Seattle, Armenia
830, Joshua, Sanchez, Joshua.Sanchez@4171.com, +1 246-555-7592, Nashville, Belgium
831, Joshua, Allen, Joshua.Allen@4152.com, +1 474-555-5143, Colorado Springs, Burundi
832, Ryan, Williams, Ryan.Williams@6204.com, +1 566-555-9147, Albuquerque, Comoros
833, Richard, Johnson, Richard.Johnson@9401.com, +1 594-555-3170, Nashville, Costa Rica
834, Gary, Allen, Gary.Allen@5417.com, +1 155-555-2879, Mesa, Chad
835, Jonathan, Jackson, Jonathan.Jackson@7046.com, +1 493-555-1758, Long Beach, Dominica
836, Gregory, Young, Gregory.Young@6413.com, +1 359-555-2742, El Paso, Angola
837, Edward, Allen, Edward.Allen@5785.com, +1 983-555-4973, Minneapolis, Benin
838, William, Baker, William.Baker@8771.com, +1 420-555-9870, Mesa, Chad
839, Ronald, Hernandez, Ronald.Hernandez@1852.com, +1 952-555-3456, Louisville, Bahrain
840, Justin, Phillips, Justin.Phillips@8667.com, +1 825-555-8242, Tulsa, Bahamas
841, Kevin, Nelson, Kevin.Nelson@1494.com, +1 795-555-1393, El Paso, Barbados
842, William, Campbell, William.Campbell@1453.com, +1 262-555-3440, El Paso, Czechia (Czech Republic)
843, David, Torres, David.Torres@9626.com, +1 632-555-6516, Philadelphia, Cyprus
844, Edward, Green, Edward.Green@9463.com, +1 660-555-7950, Raleigh, Bulgaria
845, Kevin, Mitchell, Kevin.Mitchell@8935.com, +1 935-555-3818, Baltimore, Dominica
846, Mark, Perez, Mark.Perez@1364.com, +1 242-555-7327, Chicago, Costa Rica
847, John, Harris, John.Harris@9688.com, +1 575-555-5318, Colorado Springs, Congo (Congo-Brazzaville)
848, Kenneth, Roberts, Kenneth.Roberts@8764.com, +1 668-555-7296, Los Angeles, Cambodia
849, Gary, Davis, Gary.Davis@8651.com, +1 645-555-2367, Virginia Beach, China
850, David, Anderson, David.Anderson@9534.com, +1 243-555-6144, Fort Worth, Botswana
851, Nicholas, Miller, Nicholas.Miller@1885.com, +1 746-555-7363, Fort Worth, Bulgaria
852, Justin, Johnson, Justin.Johnson@3016.com, +1 576-555-1081, Los Angeles, Cuba
853, David, Hill, David.Hill@6120.com, +1 929-555-3533, Dallas, Congo (Congo-Brazzaville)
854, Daniel, Martin, Daniel.Martin@2770.com, +1 559-555-8147, Columbus, Congo (Congo-Brazzaville)
855, Samuel, Scott, Samuel.Scott@7372.com, +1 678-555-7517, Oakland, Democratic Republic of the Congo
856, Thomas, Lee, Thomas.Lee@3725.com, +1 197-555-9875, Nashville, Comoros
857, Charles, Perez, Charles.Perez@8239.com, +1 596-555-3276, Mesa, Algeria
858, Kevin, Lewis, Kevin.Lewis@9191.com, +1 622-555-1294, Jacksonville, Bolivia
859, Andrew, Jackson, Andrew.Jackson@5724.com, +1 927-555-1985, Oklahoma City, Belgium
860, Alexander, Wilson, Alexander.Wilson@6701.com, +1 291-555-9364, Omaha, Argentina
861, Brian, Harris, Brian.Harris@1649.com, +1 386-555-1538, Oklahoma City, Afghanistan
862, Eric, Thomas, Eric.Thomas@9674.com, +1 474-555-2935, Colorado Springs, Algeria
863, John, Wright, John.Wright@6592.com, +1 622-555-1196, Virginia Beach, Bosnia and Herzegovina
864, Frank, Clark, Frank.Clark@7957.com, +1 496-555-5830, Tucson, Belize
865, Gregory, Miller, Gregory.Miller@9612.com, +1 145-555-1222, San Francisco, Barbados
866, Brian, Baker, Brian.Baker@9734.com, +1 397-555-6723, Austin, Canada
867, Timothy, Miller, Timothy.Miller@7574.com, +1 991-555-3565, El Paso, Bahamas
868, Robert, Adams, Robert.Adams@5973.com, +1 417-555-2983, Seattle, Albania
869, Matthew, Lopez, Matthew.Lopez@3234.com, +1 218-555-9259, Las Vegas, Belgium
870, Larry, Carter, Larry.Carter@7981.com, +1 964-555-4851, Chicago, Bahrain
871, Gary, Campbell, Gary.Campbell@8446.com, +1 939-555-7684, Kansas City, Austria
872, Kevin, Young, Kevin.Young@6077.com, +1 369-555-4680, Oakland, Andorra
873, Eric, Lee, Eric.Lee@6020.com, +1 793-555-2795, Kansas City, Belgium
874, Justin, Sanchez, Justin.Sanchez@7948.com, +1 274-555-1519, Baltimore, Cabo Verde
875, David, Rodriguez, David.Rodriguez@8258.com, +1 151-555-8829, Baltimore, Dominican Republic
876, Jerry, Baker, Jerry.Baker@1174.com, +1 270-555-6272, Raleigh, Croatia
877, Kenneth, Young, Kenneth.Young@3231.com, +1 261-555-2471, San Francisco, Dominican Republic
878, Jerry, Scott, Jerry.Scott@2603.com, +1 737-555-9452, Columbus, Dominica
879, Justin, Torres, Justin.Torres@2535.com, +1 654-555-3680, New York, Azerbaijan
880, James, Lewis, James.Lewis@2430.com, +1 617-555-8962, Phoenix, Angola
881, Paul, Smith, Paul.Smith@1973.com, +1 270-555-3163, Wichita, Djibouti
882, Matthew, Lewis, Matthew.Lewis@3097.com, +1 524-555-1283, Seattle, Austria
883, Jacob, Taylor, Jacob.Taylor@6067.com, +1 627-555-2989, Colorado Springs, Central African Republic
884, Samuel, Hernandez, Samuel.Hernandez@9447.com, +1 425-555-3085, Indianapolis, Bahamas
885, Brandon, Jackson, Brandon.Jackson@9715.com, +1 647-555-1340, Wichita, Andorra
886, William, Smith, William.Smith@5125.com, +1 194-555-5915, Chicago, Cambodia
887, Gregory, Young, Gregory.Young@6062.com, +1 963-555-4857, Oakland, Belgium
888, Brandon, Walker, Brandon.Walker@5077.com, +1 211-555-8787, Sacramento, Antigua and Barbuda
889, George, Ramirez, George.Ramirez@3529.com, +1 433-555-1542, Virginia Beach, Argentina
890, Patrick, Adams, Patrick.Adams@5896.com, +1 122-555-8152, Boston, Croatia
891, Jacob, Martinez, Jacob.Martinez@1978.com, +1 340-555-1306, Sacramento, Belarus
892, Patrick, Turner, Patrick.Turner@9159.com, +1 765-555-6205, New Orleans, Djibouti
893, Paul, Hernandez, Paul.Hernandez@4871.com, +1 424-555-9926, Milwaukee, Dominican Republic
894, Alexander, Carter, Alexander.Carter@8218.com, +1 767-555-5450, Charlotte, Barbados
895, Dennis, Lee, Dennis.Lee@6696.com, +1 886-555-6070, Columbus, Dominica
896, Kevin, Johnson, Kevin.Johnson@7637.com, +1 163-555-2413, San Diego, Central African Republic
897, Frank, Lewis, Frank.Lewis@2303.com, +1 978-555-2489, Raleigh, Chad
898, Anthony, Green, Anthony.Green@9386.com, +1 515-555-9261, Colorado Springs, Bhutan
899, Charles, Smith, Charles.Smith@5398.com, +1 969-555-9900, Dallas, Cameroon
900, Donald, Evans, Donald.Evans@3090.com, +1 128-555-4444, Albuquerque, Armenia
901, Dennis, Torres, Dennis.Torres@6066.com, +1 831-555-3533, Raleigh, Congo (Congo-Brazzaville)
902, Edward, Thomas, Edward.Thomas@9042.com, +1 614-555-5206, Baltimore, Dominican Republic
903, Steven, Evans, Steven.Evans@6845.com, +1 682-555-7216, Tulsa, Belarus
904, Jason, Sanchez, Jason.Sanchez@6787.com, +1 921-555-5210, Sacramento, Burkina Faso
905, William, Carter, William.Carter@8401.com, +1 778-555-8973, Austin, Bahrain
906, Frank, Carter, Frank.Carter@4894.com, +1 683-555-9203, Baltimore, Congo (Congo-Brazzaville)
907, Kenneth, Gonzalez, Kenneth.Gonzalez@3472.com, +1 453-555-7248, Denver, Albania
908, Patrick, Lee, Patrick.Lee@9915.com, +1 654-555-6582, Dallas, Brazil
909, Stephen, Green, Stephen.Green@5952.com, +1 778-555-5543, Detroit, Algeria
910, Kevin, King, Kevin.King@1387.com, +1 690-555-3829, Louisville, Bosnia and Herzegovina
911, Joseph, White, Joseph.White@1740.com, +1 973-555-6543, Tucson, Burundi
912, Ryan, Gonzalez, Ryan.Gonzalez@7374.com, +1 762-555-4489, Portland, Bosnia and Herzegovina
913, Donald, White, Donald.White@4898.com, +1 334-555-9612, Tucson, Djibouti
914, Jack, Davis, Jack.Davis@4039.com, +1 211-555-9305, Omaha, Azerbaijan
915, Nicholas, Taylor, Nicholas.Taylor@8933.com, +1 241-555-3652, Phoenix, Cambodia
916, Mark, Wilson, Mark.Wilson@9111.com, +1 308-555-6475, Tucson, Brunei
917, Charles, Garcia, Charles.Garcia@6464.com, +1 982-555-5675, Oklahoma City, Benin
918, Nicholas, Brown, Nicholas.Brown@1248.com, +1 825-555-2272, Philadelphia, Bolivia
919, Richard, Johnson, Richard.Johnson@4043.com, +1 261-555-9867, Las Vegas, Armenia
920, Samuel, Green, Samuel.Green@2944.com, +1 579-555-1106, San Jose, Antigua and Barbuda
921, Charles, Adams, Charles.Adams@5881.com, +1 501-555-5368, San Francisco, Cambodia
922, Ryan, Robinson, Ryan.Robinson@4829.com, +1 728-555-8543, San Jose, Cameroon
923, Benjamin, Moore, Benjamin.Moore@5042.com, +1 371-555-7039, Louisville, Armenia
924, Donald, Thompson, Donald.Thompson@1494.com, +1 303-555-2554, Sacramento, Bangladesh
925, George, Clark, George.Clark@9591.com, +1 202-555-7154, Milwaukee, Comoros
926, Brian, Torres, Brian.Torres@6248.com, +1 268-555-5158, Miami, Barbados
927, Jonathan, Scott, Jonathan.Scott@8776.com, +1 601-555-6389, Tucson, Canada
928, Jason, Moore, Jason.Moore@3652.com, +1 975-555-6569, Jacksonville, Czechia (Czech Republic)
929, Christopher, Rodriguez, Christopher.Rodriguez@5832.com, +1 139-555-8622, Austin, Belgium
930, Nicholas, Roberts, Nicholas.Roberts@9588.com, +1 658-555-5790, El Paso, Belgium
931, James, Moore, James.Moore@3769.com, +1 558-555-6980, Virginia Beach, Central African Republic
932, Justin, Martinez, Justin.Martinez@5255.com, +1 954-555-3438, Las Vegas, Colombia
933, Ryan, Allen, Ryan.Allen@1889.com, +1 855-555-1552, Arlington, Afghanistan
934, Joshua, Taylor, Joshua.Taylor@2640.com, +1 372-555-1401, Wichita, Bhutan
935, James, Jones, James.Jones@5752.com, +1 549-555-6303, Austin, Antigua and Barbuda
936, Andrew, Lopez, Andrew.Lopez@5615.com, +1 213-555-5951, San Francisco, Angola
937, Jason, Taylor, Jason.Taylor@9905.com, +1 276-555-1321, Milwaukee, Cyprus
938, Gary, Torres, Gary.Torres@9340.com, +1 832-555-2560, Wichita, Cabo Verde
939, Donald, Davis, Donald.Davis@9331.com, +1 247-555-9969, San Jose, Botswana
940, Richard, Harris, Richard.Harris@3915.com, +1 894-555-3681, Miami, Chile
941, Gary, Wright, Gary.Wright@2060.com, +1 655-555-5927, San Diego, Dominican Republic
942, Donald, Green, Donald.Green@4350.com, +1 738-555-3155, Fort Worth, Bahrain
943, Andrew, Phillips, Andrew.Phillips@9994.com, +1 758-555-7868, Nashville, Croatia
944, Brandon, Williams, Brandon.Williams@4266.com, +1 757-555-7759, Columbus, Austria
945, Eric, Thomas, Eric.Thomas@7037.com, +1 230-555-5678, Colorado Springs, Brunei
946, Jack, Williams, Jack.Williams@7920.com, +1 720-555-7788, Arlington, Bahrain
947, Andrew, Anderson, Andrew.Anderson@9753.com, +1 303-555-9421, Virginia Beach, Costa Rica
948, Samuel, Davis, Samuel.Davis@2605.com, +1 998-555-7348, Las Vegas, Azerbaijan
949, Charles, Taylor, Charles.Taylor@7140.com, +1 161-555-8903, Jacksonville, Cambodia
950, Jack, Wright, Jack.Wright@6534.com, +1 582-555-5150, Minneapolis, Czechia (Czech Republic)
951, Jonathan, Allen, Jonathan.Allen@4921.com, +1 558-555-1194, Detroit, Côte d'Ivoire
952, David, Robinson, David.Robinson@8852.com, +1 616-555-1280, Columbus, Bhutan
953, George, Martin, George.Martin@4067.com, +1 542-555-3316, Indianapolis, Azerbaijan
954, Mark, Harris, Mark.Harris@3456.com, +1 380-555-4927, Colorado Springs, Congo (Congo-Brazzaville)
955, Anthony, Martin, Anthony.Martin@7705.com, +1 181-555-3141, Tampa, Denmark
956, Kenneth, Harris, Kenneth.Harris@5880.com, +1 123-555-7148, Fresno, China
957, Brian, Ramirez, Brian.Ramirez@4355.com, +1 127-555-9225, Fort Worth, Djibouti
958, Stephen, Jackson, Stephen.Jackson@9879.com, +1 314-555-3412, Seattle, Bolivia
959, Charles, Ramirez, Charles.Ramirez@4874.com, +1 482-555-4828, New York, Barbados
960, Robert, Anderson, Robert.Anderson@5039.com, +1 615-555-5141, San Jose, Burkina Faso
961, Ronald, King, Ronald.King@6001.com, +1 300-555-7280, Columbus, Azerbaijan
962, Daniel, Brown, Daniel.Brown@9429.com, +1 321-555-3695, New Orleans, Burkina Faso
963, Jack, Walker, Jack.Walker@7459.com, +1 114-555-6063, New York, Cambodia
964, William, Moore, William.Moore@4361.com, +1 899-555-9323, Dallas, Colombia
965, Brandon, Davis, Brandon.Davis@4445.com, +1 730-555-1453, Sacramento, Bulgaria
966, Timothy, Torres, Timothy.Torres@2865.com, +1 159-555-7648, New Orleans, Albania
967, Jacob, White, Jacob.White@8481.com, +1 645-555-8510, Louisville, Bhutan
968, Jerry, Campbell, Jerry.Campbell@4984.com, +1 654-555-2488, Tucson, Austria
969, Mark, Wright, Mark.Wright@1350.com, +1 596-555-4598, Los Angeles, Dominican Republic
970, Ryan, Hill, Ryan.Hill@8216.com, +1 252-555-1747, Long Beach, Dominica
971, Scott, Nelson, Scott.Nelson@5205.com, +1 384-555-4266, Colorado Springs, Belgium
972, Mark, Adams, Mark.Adams@6665.com, +1 326-555-7672, Tulsa, Bhutan
973, Jason, Clark, Jason.Clark@8459.com, +1 903-555-6219, Charlotte, Algeria
974, David, Taylor, David.Taylor@1014.com, +1 260-555-8904, Seattle, Armenia
975, Michael, Lewis, Michael.Lewis@6183.com, +1 991-555-5164, Detroit, Brazil
976, Christopher, Torres, Christopher.Torres@5072.com, +1 113-555-5802, Atlanta, Belarus
977, Jacob, Torres, Jacob.Torres@5461.com, +1 313-555-9125, San Diego, Côte d'Ivoire
978, Jason, Nelson, Jason.Nelson@9711.com, +1 556-555-4598, Long Beach, Cambodia
979, William, Garcia, William.Garcia@5235.com, +1 757-555-1210, New Orleans, Canada
980, Justin, Turner, Justin.Turner@4256.com, +1 884-555-7313, Dallas, Croatia
981, Eric, Brown, Eric.Brown@1471.com, +1 964-555-2869, Long Beach, Botswana
982, Brandon, Moore, Brandon.Moore@9909.com, +1 465-555-3740, Tucson, Comoros
983, Stephen, Anderson, Stephen.Anderson@6765.com, +1 731-555-4757, San Diego, Barbados
984, Raymond, Adams, Raymond.Adams@4638.com, +1 710-555-3492, Arlington, Armenia
985, Daniel, Brown, Daniel.Brown@7334.com, +1 330-555-4456, Arlington, Belize
986, Michael, Wright, Michael.Wright@1967.com, +1 677-555-4411, Raleigh, Bangladesh
987, Brandon, Perez, Brandon.Perez@5691.com, +1 924-555-5028, New York, Azerbaijan
988, Nicholas, Anderson, Nicholas.Anderson@5568.com, +1 663-555-6092, Mesa, Belize
989, Joshua, Baker, Joshua.Baker@6929.com, +1 789-555-4176, Raleigh, Bahrain
990, Ryan, Williams, Ryan.Williams@4034.com, +1 798-555-9648, Houston, Andorra
991, David, Perez, David.Perez@9154.com, +1 602-555-9997, Austin, Cuba
992, Jonathan, Thomas, Jonathan.Thomas@6981.com, +1 596-555-9792, Nashville, China
993, Christopher, Lewis, Christopher.Lewis@9673.com, +1 973-555-1268, San Francisco, Belgium
994, Ronald, Mitchell, Ronald.Mitchell@1902.com, +1 735-555-7240, Wichita, Antigua and Barbuda
995, Jack, Martin, Jack.Martin@9979.com, +1 217-555-8300, Arlington, Comoros
996, George, Wright, George.Wright@5013.com, +1 735-555-4098, Las Vegas, Brazil
997, Andrew, Hill, Andrew.Hill@4697.com, +1 765-555-9562, Jacksonville, Cambodia
998, John, Campbell, John.Campbell@1499.com, +1 872-555-2136, Tulsa, Dominica
999, Matthew, Jackson, Matthew.Jackson@7737.com, +1 958-555-9909, Atlanta, Central African Republic
1000, Gregory, Jackson, Gregory.Jackson@2026.com, +1 124-555-5667, Phoenix, Bangladesh
